evo     loaded  brains/EURUSD.evo.json  risk=conservative  sugar OFF×1.00  sdyn OFF  fuse-dyn ON  fuse=trend,momentum,volume,breadth,structure  SL 2.76 TP 11.8  snow on  mart off
sim account $100,000  leverage 1:100  commission $7.00/lot RT  slip 0.2 pip  spread 0.00010  quote USD
sizing  0.70% of equity per trade, scaled by Bayesian half-Kelly  lot 0.01-20.00  margin cap 25% of free  (conservative ×0.70)
risk-tol  conservative  overlay SL 1.90 / TP 8.0 ATR  BANC exit <0.72  fade flatten  uncertainty ≥0.78  vol spike ATR×1.85  kill flatten
adapt  reset C:\Workspace\FlyFOREXTrader\reports\adapt_payoff_EURUSD.json
confidence  plausibility bar starts 45% (base 45%; evolves with calibration)
params  SL 2.76 ATR  TP 11.8 ATR  trail 3.21/1.86  RSI arm 51/47  min |impulse| 0.50
tax  24.0%  model=ordinary  (estimate at report time)
learn  frozen for this replay (traces loaded, rewards off)
brain   params  SL 2.76 ATR  RSI arm 51/47  impulse>=0.50
brain   loaded brains/EURUSD.json  DA n=394
risk  dynamic tape  spread/stop, ATR regime, London-NY liquidity, chase, heat  (same rules on every pair; stored pair risk_factors are not applied)
committee  cat-fuse  DYNAMIC TREND/RANGE/BREAK/QUIET  allow {trend, momentum, volume, breadth, structure} inverse-var mix → {tech, fly-trend, fly-fade} 2oo3   both BUY and SELL   parallel: flow-algo   fusion: Kalman+Bayes gate + fly-conf (native votes, abstain only)
pair-book  off  EURUSD frozen factory 2oo3
snowball  on  add up to 2×55% of first lots  when fly-trend agrees, profit is past BE but not yet trailing, pullback from the extreme
martingale  OFF (--no-martingale)
plastic  on  PAM/PPL dopamine × eligibility on readout + sensory gains (connectome W frozen)
BANC    female cluster net n=36  banc-clusters  risk voter mixed with MaleCNS ol_sensory+vnc_sensory  (full 188k edgelist needs CAVE_TOKEN)
sugar   native GRN lamp  23 cells  0.45×nice on the risk pass  (4k-era: eat every 2oo3, no skip/flatten; check sugar feed for the overlay)
rails   fly-trader kill 1.5% DD  (0.8% after snowball)  circuit 3 losses  pair-admit 2 trades / PF≥1.00 then full size
[2026-09-07 18:10] 1.16279  raw t=HOLD f=HOLD tech=HOLD  fused T=HOLD t=HOLD f=HOLD cf=HOLD  → HOLD no-tech  k=+0.58 RSI=50  BANC×1.00  sugar lamp feed 0.09  eq $100000.00
[2026-09-08 00:50] 1.16306  raw t=HOLD f=HOLD tech=BUY   fused T=BUY  t=HOLD f=HOLD cf=HOLD  → BUY  1oo3-bounce  k=+0.64 RSI=53  BANC×1.00  sugar lamp feed 0.09  eq $100000.00
[2026-09-08 07:30] 1.16171  raw t=HOLD f=HOLD tech=HOLD  fused T=HOLD t=HOLD f=HOLD cf=HOLD  → HOLD no-tech  k=+0.09 RSI=29  BANC×1.00  sugar lamp feed 0.09  eq $100000.00
[2026-09-08 14:10] 1.16225  raw t=HOLD f=HOLD tech=HOLD  fused T=HOLD t=HOLD f=HOLD cf=HOLD  → HOLD no-tech  k=+0.21 RSI=48  BANC×1.06  sugar lamp feed 0.25  eq $100000.00
[2026-09-08 20:50] 1.16266  raw t=HOLD f=HOLD tech=HOLD  fused T=HOLD t=HOLD f=HOLD cf=HOLD  → HOLD no-tech  k=+0.34 RSI=44  BANC×1.06  sugar lamp feed 0.25  eq $100000.00
[2026-09-09 03:30] 1.16333  raw t=HOLD f=HOLD tech=HOLD  fused T=HOLD t=HOLD f=HOLD cf=HOLD  → HOLD no-tech  k=+0.74 RSI=50  BANC×1.06  sugar lamp feed 0.25  eq $100000.00
[2026-09-09 10:00] skip BUY: day bias DOWN
[2026-09-09 10:10] 1.16279  raw t=HOLD f=HOLD tech=HOLD  fused T=HOLD t=HOLD f=HOLD cf=HOLD  → HOLD no-tech  k=+0.32 RSI=33  BANC×1.10  sugar lamp feed 0.27  eq $100000.00
[2026-09-09 15:15] skip BUY: day bias DOWN
[2026-09-09 15:25] skip BUY: day bias DOWN
[2026-09-09 15:35] skip BUY: day bias DOWN
[2026-09-09 16:50] 1.16414  raw t=HOLD f=HOLD tech=HOLD  fused T=HOLD t=HOLD f=HOLD cf=HOLD  → HOLD no-tech  k=-0.19 RSI=57  BANC×1.08  sugar lamp feed 0.26  eq $100000.00
[2026-09-09 23:30] 1.16387  raw t=HOLD f=HOLD tech=HOLD  fused T=HOLD t=HOLD f=HOLD cf=HOLD  → HOLD no-tech  k=+0.60 RSI=47  BANC×1.08  sugar lamp feed 0.26  eq $100000.00
[2026-09-10 06:10] 1.16414  raw t=HOLD f=HOLD tech=HOLD  fused T=HOLD t=HOLD f=HOLD cf=HOLD  → HOLD no-tech  k=+0.73 RSI=48  BANC×1.08  sugar lamp feed 0.26  eq $100000.00
[2026-09-10 09:35] skip BUY: day bias DOWN
[2026-09-10 12:25] SELL EURUSD 1.57 lots @ 1.16245  margin $1825.04  comm $5.50  bias-down  raw tech=HOLD/hold t=SELL f=BUY  fused T=HOLD t=SELL f=BUY cf=SELL@0.40 fam {} bias-down  conf 67%  bar 45%  cal P(win)=0.50  n=0  P(edge)=0.58  similar=0.50  TA=0.87  data-weight=0.00  1.57 lots  risk $126 (0.13% eq)  SL 8.0 pips  ~$126 if stopped  bayes P(edge)=0.61  p=0.42  R=2.43  ½K=0.043  scale=0.72  risk 0.51%  BANC×1.09  admit×0.60  tape×0.45  cost×0.78  vol×0.78  liq×1.00  chase×0.74  heat×1.00  (DOWN, k -0.90)  → OK|1001|PAPER
[2026-09-10 12:35] CLOSE SELL WIN  1.57 lots  conf 67%  bar 45%  +26.1 pips  $+409.27  comm $10.99 slip $8.54 swap $0.00  snowball 0  (ATR target)
       → OK|1001
       adapt  bar 45%  cal P(win)=0.50  P(edge) floor 0.38  learn frozen
[2026-09-10 12:50] 1.16077  raw t=SELL f=BUY  tech=SELL  fused T=SELL t=SELL f=BUY  cf=SELL  → HOLD veto BUY (t=SELL f=BUY tech=SELL)  k=-0.91 RSI=38  BANC×1.05  sugar lamp feed 0.26  eq $100409.27
[2026-09-10 13:05] SELL EURUSD 1.51 lots @ 1.16042  margin $1752.24  comm $5.29  bias-down  raw tech=SELL/cont t=SELL f=BUY  fused T=SELL t=SELL f=BUY cf=HOLD@0.42 fam {} bias-down  conf 65%  bar 45%  cal P(win)=0.50  n=0  P(edge)=0.59  similar=0.50  TA=0.73  data-weight=0.00  1.51 lots  risk $131 (0.13% eq)  SL 8.7 pips  ~$131 if stopped  bayes P(edge)=0.60  p=0.43  R=2.37  ½K=0.047  scale=0.78  risk 0.55%  BANC×1.05  admit×0.60  tape×0.44  cost×0.81  vol×0.78  liq×1.00  chase×0.70  heat×1.00  (DOWN, k -0.91)  → OK|1002|PAPER
[2026-09-10 13:20] CLOSE SELL LOSS  1.51 lots  conf 65%  bar 45%  -2.2 pips  $-32.88  comm $10.57 slip $7.21 swap $0.00  snowball 0  (risk fade)
       → OK|1002
       adapt  bar 45%  cal P(win)=0.50  P(edge) floor 0.38  learn frozen
[2026-09-10 19:30] 1.16144  raw t=HOLD f=HOLD tech=HOLD  fused T=HOLD t=HOLD f=HOLD cf=HOLD  → HOLD no-tech  k=-0.63 RSI=37  BANC×1.00  sugar lamp feed 0.26  eq $100376.40
[2026-09-11 02:10] 1.16131  raw t=HOLD f=HOLD tech=HOLD  fused T=HOLD t=HOLD f=HOLD cf=HOLD  → HOLD no-tech  k=+0.65 RSI=35  BANC×1.00  sugar lamp feed 0.26  eq $100376.40
[2026-09-11 07:20] skip BUY: day bias DOWN
[2026-09-11 07:30] skip BUY: day bias DOWN
[2026-09-11 08:50] 1.16036  raw t=SELL f=BUY  tech=HOLD  fused T=HOLD t=SELL f=BUY  cf=HOLD  → HOLD no-tech  k=-0.61 RSI=37  BANC×1.10  sugar lamp feed 0.28  eq $100376.40
[2026-09-11 12:35] SELL EURUSD 2.73 lots @ 1.15894  margin $3163.92  comm $9.55  bias-down  raw tech=HOLD/hold t=SELL f=BUY  fused T=HOLD t=SELL f=BUY cf=SELL@0.40 fam {} bias-down  conf 65%  bar 45%  cal P(win)=0.50  n=0  P(edge)=0.63  similar=0.50  TA=0.72  data-weight=0.00  2.73 lots  risk $219 (0.22% eq)  SL 8.0 pips  ~$218 if stopped  bayes P(edge)=0.62  p=0.42  R=2.41  ½K=0.047  scale=0.79  risk 0.55%  BANC×1.08  tape×0.43  cost×0.79  vol×0.78  liq×1.00  chase×1.00  heat×0.70  (DOWN, k -0.59)  → OK|1003|PAPER
[2026-09-11 12:45] CLOSE SELL LOSS  2.73 lots  conf 65%  bar 45%  -11.6 pips  $-316.16  comm $19.11 slip $12.85 swap $0.00  snowball 0  (ATR stop)
       → OK|1003
       adapt  bar 45%  cal P(win)=0.50  P(edge) floor 0.38  learn frozen
[2026-09-11 15:30] 1.16077  raw t=BUY  f=BUY  tech=BUY   fused T=BUY  t=BUY  f=BUY  cf=BUY   → BUY  3oo3+flow  k=+0.77 RSI=45  BANC×1.01  sugar lamp feed 0.27  eq $100060.24
[2026-09-13 23:40] 1.15942  raw t=HOLD f=HOLD tech=HOLD  fused T=HOLD t=HOLD f=HOLD cf=HOLD  → HOLD no-tech  k=-0.03 RSI=40  BANC×1.02  sugar lamp feed 0.27  eq $100060.24
[2026-09-14 06:20] 1.15607  raw t=HOLD f=HOLD tech=HOLD  fused T=HOLD t=HOLD f=HOLD cf=HOLD  → HOLD no-tech  k=-0.83 RSI=32  BANC×1.02  sugar lamp feed 0.27  eq $100060.24
[2026-09-14 07:00] SELL EURUSD 1.34 lots @ 1.15586  margin $1548.85  comm $4.69  bias-down  raw tech=HOLD/hold t=SELL f=BUY  fused T=HOLD t=SELL f=BUY cf=HOLD@0.42 fam {} bias-down  conf 63%  bar 45%  cal P(win)=0.50  n=0  P(edge)=0.60  similar=0.50  TA=0.67  data-weight=0.00  1.34 lots  risk $107 (0.11% eq)  SL 8.0 pips  ~$107 if stopped  bayes P(edge)=0.61  p=0.42  R=2.36  ½K=0.040  scale=0.68  risk 0.47%  BANC×1.06  tape×0.25  cost×0.77  vol×0.78  liq×0.75  chase×1.00  heat×0.50  (DOWN, k -0.76)  → OK|1004|PAPER
[2026-09-14 07:15] CLOSE SELL LOSS  1.34 lots  conf 63%  bar 45%  -2.2 pips  $-29.45  comm $9.38 slip $6.67 swap $0.00  snowball 0  (risk fade)
       → OK|1004
       rails  circuit  3 losses → pause 12 bars
       adapt  bar 45%  cal P(win)=0.50  P(edge) floor 0.38  learn frozen
[2026-09-14 13:00] 1.15340  raw t=BUY  f=BUY  tech=HOLD  fused T=HOLD t=HOLD f=BUY  cf=BUY   → HOLD no-tech  k=-0.27 RSI=31  BANC×1.02  sugar lamp feed 0.27  eq $100030.79
[2026-09-14 19:40] 1.15553  raw t=HOLD f=HOLD tech=HOLD  fused T=HOLD t=HOLD f=HOLD cf=HOLD  → HOLD no-tech  k=+0.90 RSI=35  BANC×1.01  sugar lamp feed 0.26  eq $100030.79
[2026-09-15 02:20] 1.15407  raw t=HOLD f=HOLD tech=HOLD  fused T=HOLD t=HOLD f=HOLD cf=HOLD  → HOLD no-tech  k=-0.87 RSI=27  BANC×1.01  sugar lamp feed 0.26  eq $100030.79
[2026-09-15 09:00] 1.15380  raw t=SELL f=BUY  tech=HOLD  fused T=HOLD t=SELL f=BUY  cf=HOLD  → HOLD no-tech  k=-0.64 RSI=47  BANC×1.10  sugar lamp feed 0.27  eq $100030.79
[2026-09-15 14:40] skip BUY: day bias DOWN
[2026-09-15 14:50] BUY EURUSD 1.85 lots @ 1.15508  margin $2136.89  comm $6.48  3oo3+flow size×1.24  conf 66%  raw tech=BUY/bounce t=BUY f=BUY  fused T=BUY t=BUY f=BUY cf=BUY@0.32 fam {} 3oo3+flow  conf 66%  bar 45%  cal P(win)=0.50  n=0  P(edge)=0.61  similar=0.50  TA=0.79  data-weight=0.00  1.85 lots  risk $149 (0.15% eq)  SL 8.0 pips  ~$148 if stopped  bayes P(edge)=0.59  p=0.42  R=2.34  ½K=0.035  scale=0.57  risk 0.40%  BANC×1.09  tape×0.27  cost×0.78  vol×1.00  liq×1.00  chase×1.00  heat×0.35  (UP, k +0.74)  → OK|1005|PAPER
[2026-09-15 15:40] 1.15447  raw t=BUY  f=HOLD tech=BUY   fused T=BUY  t=BUY  f=HOLD cf=BUY   → BUY  2oo3+flow  k=+0.65 RSI=44  BANC×1.08  sugar lamp feed 0.26  eq $99902.52
[2026-09-15 15:50] CLOSE BUY LOSS  1.85 lots  conf 66%  bar 45%  -7.5 pips  $-139.47  comm $12.95 slip $9.35 swap $0.00  snowball 0  (scalp scratch)
       → OK|1005
       rails  circuit  4 losses → pause 12 bars
       adapt  bar 45%  cal P(win)=0.50  P(edge) floor 0.38  learn frozen
[2026-09-15 22:20] 1.15460  raw t=HOLD f=HOLD tech=HOLD  fused T=HOLD t=HOLD f=HOLD cf=HOLD  → HOLD no-tech  k=+0.31 RSI=56  BANC×1.04  sugar lamp feed 0.26  eq $99891.32
[2026-09-16 05:00] 1.15473  raw t=HOLD f=HOLD tech=BUY   fused T=BUY  t=HOLD f=HOLD cf=HOLD  → HOLD 1oo3-skip (cont t=HOLD f=HOLD)  k=+0.81 RSI=61  BANC×1.04  sugar lamp feed 0.26  eq $99891.32
[2026-09-16 08:55] skip BUY: day bias DOWN
[2026-09-16 09:25] skip BUY: day bias DOWN
[2026-09-16 11:40] 1.15420  raw t=SELL f=BUY  tech=SELL  fused T=SELL t=SELL f=BUY  cf=SELL  → HOLD veto BUY (t=SELL f=BUY tech=SELL)  k=-0.78 RSI=52  BANC×1.10  sugar lamp feed 0.27  eq $99891.32
[2026-09-16 18:20] 1.15035  raw t=HOLD f=HOLD tech=HOLD  fused T=HOLD t=HOLD f=HOLD cf=HOLD  → HOLD no-tech  k=-0.02 RSI=24  BANC×1.10  sugar lamp feed 0.27  eq $99891.32
[2026-09-17 01:00] 1.14613  raw t=HOLD f=HOLD tech=HOLD  fused T=HOLD t=HOLD f=HOLD cf=HOLD  → HOLD no-tech  k=+0.02 RSI=26  BANC×1.10  sugar lamp feed 0.27  eq $99891.32
[2026-09-17 07:40] 1.14811  raw t=BUY  f=HOLD tech=HOLD  fused T=HOLD t=BUY  f=HOLD cf=BUY   → HOLD no-tech  k=+0.59 RSI=57  BANC×1.10  sugar lamp feed 0.27  eq $99891.32
[2026-09-17 07:55] skip BUY: day bias DOWN
[2026-09-17 08:05] skip BUY: day bias DOWN
[2026-09-17 08:15] skip BUY: day bias DOWN
[2026-09-17 08:25] skip BUY: day bias DOWN
[2026-09-17 08:35] skip BUY: day bias DOWN
[2026-09-17 08:45] skip BUY: day bias DOWN
[2026-09-17 08:55] skip BUY: day bias DOWN
[2026-09-17 09:55] skip BUY: day bias DOWN
[2026-09-17 11:25] skip BUY: day bias DOWN
[2026-09-17 11:35] skip BUY: day bias DOWN
[2026-09-17 12:15] BUY EURUSD 0.90 lots @ 1.14924  margin $1034.32  comm $3.15  bias-up  raw tech=HOLD/hold t=BUY f=HOLD  fused T=HOLD t=BUY f=HOLD cf=BUY@0.40 fam {} bias-up  conf 59%  bar 45%  cal P(win)=0.50  n=0  P(edge)=0.60  similar=0.50  TA=0.47  data-weight=0.00  0.90 lots  risk $72 (0.07% eq)  SL 8.0 pips  ~$72 if stopped  bayes P(edge)=0.60  p=0.42  R=2.34  ½K=0.042  scale=0.70  risk 0.49%  BANC×1.09  admit×0.60  tape×0.27  cost×0.76  vol×1.00  liq×1.00  chase×1.00  heat×0.35  (UP, k +0.43)  → OK|1006|PAPER
[2026-09-17 13:15] CLOSE BUY LOSS  0.90 lots  conf 59%  bar 45%  -2.2 pips  $-19.96  comm $6.30 slip $4.66 swap $0.00  snowball 0  (scalp scratch)
       → OK|1006
       rails  circuit  5 losses → pause 12 bars
       adapt  bar 45%  cal P(win)=0.50  P(edge) floor 0.38  learn frozen
[2026-09-17 14:20] 1.14982  raw t=BUY  f=HOLD tech=BUY   fused T=BUY  t=BUY  f=HOLD cf=BUY   → BUY  2oo3+flow  k=+0.87 RSI=62  BANC×1.00  sugar lamp feed 0.26  eq $99871.36
[2026-09-17 21:00] 1.14811  raw t=HOLD f=HOLD tech=HOLD  fused T=HOLD t=HOLD f=HOLD cf=HOLD  → HOLD no-tech  k=-0.18 RSI=52  BANC×1.01  sugar lamp feed 0.27  eq $99871.36
[2026-09-18 03:40] 1.14903  raw t=HOLD f=HOLD tech=HOLD  fused T=HOLD t=HOLD f=HOLD cf=HOLD  → HOLD no-tech  k=+0.43 RSI=65  BANC×1.01  sugar lamp feed 0.27  eq $99871.36
[2026-09-18 10:20] 1.14863  raw t=HOLD f=HOLD tech=HOLD  fused T=HOLD t=HOLD f=HOLD cf=HOLD  → HOLD no-tech  k=+0.26 RSI=49  BANC×1.07  sugar lamp feed 0.27  eq $99871.36
[2026-09-18 12:35] SELL EURUSD 0.69 lots @ 1.14658  margin $791.14  comm $2.42  bias-down  raw tech=HOLD/hold t=SELL f=BUY  fused T=HOLD t=SELL f=BUY cf=SELL@0.40 fam {} bias-down  conf 69%  bar 45%  cal P(win)=0.50  n=0  P(edge)=0.62  similar=0.50  TA=0.87  data-weight=0.00  0.69 lots  risk $56 (0.06% eq)  SL 8.0 pips  ~$55 if stopped  bayes P(edge)=0.60  p=0.42  R=2.43  ½K=0.035  scale=0.59  risk 0.41%  BANC×1.06  admit×0.60  tape×0.25  cost×0.79  vol×1.00  liq×1.00  chase×0.81  heat×0.35  (DOWN, k -0.87)  → OK|1007|PAPER
[2026-09-18 13:00] CLOSE SELL LOSS  0.69 lots  conf 68%  bar 45%  -6.1 pips  $-42.27  comm $4.83 slip $3.32 swap $0.00  snowball 0  (risk fade)
       → OK|1007
       rails  circuit  6 losses → pause 12 bars
       adapt  bar 45%  cal P(win)=0.50  P(edge) floor 0.38  learn frozen
[2026-09-18 17:00] 1.14797  raw t=HOLD f=HOLD tech=HOLD  fused T=HOLD t=HOLD f=HOLD cf=HOLD  → HOLD no-tech  k=-0.07 RSI=70  BANC×1.01  sugar lamp feed 0.27  eq $99829.08
[2026-09-21 01:10] 1.14863  raw t=HOLD f=HOLD tech=HOLD  fused T=HOLD t=HOLD f=HOLD cf=HOLD  → HOLD no-tech  k=-0.06 RSI=55  BANC×1.01  sugar lamp feed 0.27  eq $99829.08
[2026-09-21 07:50] 1.14811  raw t=SELL f=BUY  tech=SELL  fused T=SELL t=SELL f=BUY  cf=SELL  → HOLD veto BUY (t=SELL f=BUY tech=SELL)  k=-0.76 RSI=58  BANC×1.11  sugar lamp feed 0.28  eq $99829.08
[2026-09-21 14:05] skip BUY: day bias DOWN
[2026-09-21 14:30] 1.14784  raw t=HOLD f=HOLD tech=HOLD  fused T=HOLD t=HOLD f=HOLD cf=HOLD  → HOLD no-tech  k=+0.06 RSI=46  BANC×1.10  sugar lamp feed 0.27  eq $99829.08
[2026-09-21 21:10] 1.14718  raw t=HOLD f=HOLD tech=HOLD  fused T=HOLD t=HOLD f=HOLD cf=HOLD  → HOLD no-tech  k=-0.78 RSI=59  BANC×1.11  sugar lamp feed 0.28  eq $99829.08
[2026-09-22 03:50] 1.14771  raw t=HOLD f=HOLD tech=HOLD  fused T=HOLD t=HOLD f=HOLD cf=HOLD  → HOLD no-tech  k=+0.48 RSI=65  BANC×1.11  sugar lamp feed 0.28  eq $99829.08
[2026-09-22 08:15] SELL EURUSD 1.02 lots @ 1.14422  margin $1167.11  comm $3.57  bias-down  raw tech=HOLD/hold t=SELL f=BUY  fused T=HOLD t=SELL f=BUY cf=HOLD@0.42 fam {} bias-down  conf 65%  bar 45%  cal P(win)=0.50  n=0  P(edge)=0.61  similar=0.50  TA=0.71  data-weight=0.00  1.02 lots  risk $82 (0.08% eq)  SL 8.0 pips  ~$82 if stopped  bayes P(edge)=0.63  p=0.42  R=2.54  ½K=0.049  scale=0.84  risk 0.59%  BANC×1.09  admit×0.60  tape×0.25  cost×0.80  vol×0.78  liq×0.90  chase×0.90  heat×0.35  (DOWN, k -0.82)  → OK|1008|PAPER
[2026-09-22 08:30] CLOSE SELL WIN  1.02 lots  conf 65%  bar 45%  +1.8 pips  $+17.91  comm $7.14 slip $4.81 swap $0.00  snowball 0  (risk fade)
       → OK|1008
       adapt  bar 45%  cal P(win)=0.50  P(edge) floor 0.38  learn frozen
[2026-09-22 08:55] SELL EURUSD 1.70 lots @ 1.14606  margin $1948.30  comm $5.95  2oo3+flow size×1.08  conf 70%  raw tech=SELL/bounce t=SELL f=HOLD  fused T=SELL t=SELL f=HOLD cf=SELL@0.32 fam {} 2oo3+flow  conf 70%  bar 45%  cal P(win)=0.50  n=0  P(edge)=0.59  similar=0.50  TA=0.97  data-weight=0.00  1.70 lots  risk $139 (0.14% eq)  SL 8.2 pips  ~$139 if stopped  bayes P(edge)=0.61  p=0.42  R=2.43  ½K=0.043  scale=0.73  risk 0.51%  BANC×1.07  admit×0.60  tape×0.39  cost×0.80  vol×0.78  liq×0.90  chase×0.70  heat×1.00  (DOWN, k -0.91)  → OK|1009|PAPER
[2026-09-22 09:15] CLOSE SELL WIN  1.70 lots  conf 70%  bar 45%  +1.6 pips  $+27.39  comm $11.90 slip $8.12 swap $0.00  snowball 0  (risk fade)
       → OK|1009
       adapt  bar 45%  cal P(win)=0.50  P(edge) floor 0.38  learn frozen
[2026-09-22 10:30] 1.14679  raw t=SELL f=BUY  tech=HOLD  fused T=HOLD t=SELL f=BUY  cf=SELL  → HOLD no-tech  k=-0.55 RSI=58  BANC×1.08  sugar lamp feed 0.26  eq $99874.38
[2026-09-22 17:10] 1.14377  raw t=HOLD f=HOLD tech=SELL  fused T=SELL t=HOLD f=HOLD cf=HOLD  → HOLD 1oo3-skip (cont t=HOLD f=HOLD)  k=-0.95 RSI=41  BANC×1.10  sugar lamp feed 0.27  eq $99874.38
[2026-09-23 00:20] 1.14495  raw t=HOLD f=HOLD tech=HOLD  fused T=HOLD t=HOLD f=HOLD cf=HOLD  → HOLD no-tech  k=-0.30 RSI=45  BANC×1.10  sugar lamp feed 0.27  eq $99874.38
adapt  saved C:\Workspace\FlyFOREXTrader\reports\adapt_payoff_EURUSD.json  bar 45%  skips 0  SL 2.76  TP 11.8  impulse>=0.50  RSI 51/47

──────── trade report (costs included) ────────
  # side   lots  conf    entry     exit    pips        USD  reason
  1 SELL   1.57    67  1.16245  1.15977   +26.1    +409.27  ATR target
  2 SELL   1.51    65  1.16042  1.16057    -2.2     -32.88  risk fade
  3 SELL   2.73    65  1.15894  1.16003   -11.6    -316.16  ATR stop
  4 SELL   1.34    63  1.15586  1.15601    -2.2     -29.45  risk fade
  5 BUY    1.85    66  1.15508  1.15439    -7.5    -139.47  scalp scratch
  6 BUY    0.90    59  1.14924  1.14909    -2.2     -19.96  scalp scratch
  7 SELL   0.69    68  1.14658  1.14713    -6.1     -42.27  risk fade
  8 SELL   1.02    65  1.14422  1.14398    +1.8     +17.91  risk fade
  9 SELL   1.70    70  1.14606  1.14583    +1.6     +27.39  risk fade
──────────────────────────────────────────────
9 trades  3W/6L  win rate 33%  net -2.3 pips  net $-125.62
costs  spread≈$135.65  commission=$93.17  slippage=$65.52  swap=$0.00
account  start $100,000.00  balance $99,874.38  equity $99,874.38  margin $0.00  free $99,874.38  level n/a
leverage 1:100  rejected 0  stop-outs 0  avg 1.48 lots  return -0.126%
confidence  high>=60 3/8 (38%)  low<60 0/1 (0%)  (should separate as n grows)
plausibility  bar 45% -> 45%  mean cal P(win) 0.50
tax  model=no tax due on a net loss; the loss may carry forward depending on local rules  estimated due $0.00  after-tax $-125.62  effective 0.0%
      estimate only - not tax advice; set --tax-rate / --tax-model for your jurisdiction
saved C:\Workspace\FlyFOREXTrader\reports\trades-EURUSD-20260922-233535.csv
evo     loaded  brains/GBPUSD.evo.json  risk=balanced  sugar ON×1.00  sdyn ON  fuse-dyn ON  fuse=all  SL 2.43 TP 12.0  snow off  mart on
sim account $100,000  leverage 1:100  commission $7.00/lot RT  slip 0.2 pip  spread 0.00016  quote USD
sizing  1.00% of equity per trade, scaled by Bayesian half-Kelly  lot 0.01-20.00  margin cap 25% of free
risk-tol  balanced  factory geometry  risk-factor exits off
adapt  reset C:\Workspace\FlyFOREXTrader\reports\adapt_payoff_GBPUSD.json
confidence  plausibility bar starts 45% (base 45%; evolves with calibration)
params  SL 2.43 ATR  TP 12.0 ATR  trail 3.35/1.53  RSI arm 52/49  min |impulse| 0.50
tax  24.0%  model=ordinary  (estimate at report time)
learn  frozen for this replay (traces loaded, rewards off)
brain   params  SL 2.43 ATR  RSI arm 52/49  impulse>=0.50
brain   loaded brains/GBPUSD.json  DA n=2
risk  dynamic tape  spread/stop, ATR regime, London-NY liquidity, chase, heat  (same rules on every pair; stored pair risk_factors are not applied)
committee  cat-fuse  DYNAMIC TREND/RANGE/BREAK/QUIET  allow all live inverse-var mix → {tech, fly-trend, fly-fade} 2oo3   both BUY and SELL   parallel: flow-algo   fusion: Kalman+Bayes gate + fly-conf (native votes, abstain only)
pair-book  OFF (--no-pair-book)
snowball  OFF (--no-snowball)
martingale  on  ×1.20 after a scratch, ×1.28 cap; never after a full stop; freeze if DD/BANC/pair-admit
plastic  on  PAM/PPL dopamine × eligibility on readout + sensory gains (connectome W frozen)
BANC    female cluster net n=36  banc-clusters  risk voter mixed with MaleCNS ol_sensory+vnc_sensory  (full 188k edgelist needs CAVE_TOKEN)
sugar   on  amt 1.00  dyn FEAST/FORAGE/NIBBLE/FAST  23 GRNs  food=2oo3/clean  satiety=equity/float/day  appetite sizes / skips / snowball / spit-out winners  (never votes a side)
rails   fly-trader kill 2.5% DD  (1.0% after snowball)  circuit 3 losses  pair-admit 2 trades / PF≥1.00 then full size
[2026-09-07 18:20] 1.35421  raw t=HOLD f=HOLD tech=HOLD  fused T=HOLD t=HOLD f=HOLD cf=HOLD  → HOLD no-tech  k=+0.56 RSI=50  BANC×1.00  sugar amt 0.55 NIBBLE feed 0.27 sat 0.38  eq $100000.00
[2026-09-08 01:00] 1.35421  raw t=HOLD f=HOLD tech=HOLD  fused T=HOLD t=HOLD f=HOLD cf=HOLD  → HOLD no-tech  k=+0.57 RSI=43  BANC×1.00  sugar amt 0.55 NIBBLE feed 0.30 sat 0.38  eq $100000.00
[2026-09-08 07:40] 1.35289  raw t=HOLD f=HOLD tech=HOLD  fused T=HOLD t=HOLD f=HOLD cf=HOLD  → HOLD no-tech  k=+0.04 RSI=31  BANC×1.00  sugar amt 0.55 NIBBLE feed 0.30 sat 0.38  eq $100000.00
[2026-09-08 14:20] 1.35511  raw t=BUY  f=HOLD tech=HOLD  fused T=HOLD t=BUY  f=HOLD cf=BUY   → HOLD no-tech  k=+0.85 RSI=53  BANC×0.98  sugar amt 0.55 NIBBLE feed 0.30 sat 0.38  eq $100000.00
[2026-09-08 21:00] 1.35369  raw t=HOLD f=HOLD tech=HOLD  fused T=HOLD t=HOLD f=HOLD cf=HOLD  → HOLD no-tech  k=+0.06 RSI=39  BANC×1.00  sugar amt 0.55 NIBBLE feed 0.29 sat 0.38  eq $100000.00
[2026-09-09 03:40] 1.35481  raw t=HOLD f=HOLD tech=HOLD  fused T=HOLD t=HOLD f=HOLD cf=HOLD  → HOLD no-tech  k=+0.18 RSI=61  BANC×1.00  sugar amt 0.55 NIBBLE feed 0.30 sat 0.38  eq $100000.00
[2026-09-09 08:20] BUY GBPUSD 1.76 lots @ 1.35488  margin $2384.59  comm $6.16  bias-up  raw tech=HOLD/hold t=BUY f=HOLD  fused T=HOLD t=BUY f=HOLD cf=BUY@0.40 fam {} bias-up  conf 66%  bar 45%  cal P(win)=0.50  n=0  P(edge)=0.60  similar=0.50  TA=0.87  data-weight=0.00  1.76 lots  risk $142 (0.14% eq)  SL 8.0 pips  ~$141 if stopped  bayes P(edge)=0.60  p=0.42  R=2.41  ½K=0.044  scale=0.73  risk 0.73%  BANC×1.03  admit×0.60  sugar×1.17  tape×0.32  cost×0.63  vol×0.78  liq×0.90  chase×0.71  heat×1.00  (UP, k +0.91)  → OK|1010|PAPER
[2026-09-09 09:20] CLOSE BUY LOSS  1.76 lots  conf 66%  bar 45%  -3.6 pips  $-62.89  comm $12.32 slip $8.49 swap $0.00  snowball 0  (scalp scratch)
       → OK|1010
       adapt  bar 45%  cal P(win)=0.50  P(edge) floor 0.38  learn frozen
[2026-09-09 09:25] skip BUY: cost/stop 0.41 (need <=0.40)
[2026-09-09 10:15] skip SELL: cost/stop 0.41 (need <=0.40)
[2026-09-09 10:20] 1.35351  raw t=SELL f=BUY  tech=HOLD  fused T=HOLD t=SELL f=BUY  cf=HOLD  → HOLD no-tech  k=-0.46 RSI=36  BANC×0.97  sugar amt 0.55 NIBBLE feed 0.30 sat 0.40  eq $99937.11
[2026-09-09 10:55] skip SELL: cost/stop 0.41 (need <=0.40)
[2026-09-09 12:35] BUY GBPUSD 1.60 lots @ 1.35550  margin $2168.80  comm $5.60  bias-up  raw tech=HOLD/hold t=BUY f=HOLD  fused T=HOLD t=BUY f=HOLD cf=BUY@0.40 fam {} bias-up  conf 62%  bar 45%  cal P(win)=0.50  n=0  P(edge)=0.60  similar=0.50  TA=0.68  data-weight=0.00  1.60 lots  risk $135 (0.14% eq)  SL 8.4 pips  ~$134 if stopped  bayes P(edge)=0.61  p=0.42  R=2.32  ½K=0.041  scale=0.68  risk 0.68%  BANC×0.96  admit×0.60  sugar×0.87  tape×0.46  cost×0.66  vol×1.00  liq×1.00  chase×1.00  heat×0.70  (UP, k +0.41)  → OK|1011|PAPER
[2026-09-09 13:35] CLOSE BUY LOSS  1.60 lots  conf 62%  bar 45%  -1.5 pips  $-23.58  comm $11.20 slip $7.36 swap $0.00  snowball 0  (scalp scratch)
       → OK|1011
       adapt  bar 45%  cal P(win)=0.50  P(edge) floor 0.38  learn frozen
[2026-09-09 17:00] 1.35558  raw t=HOLD f=HOLD tech=HOLD  fused T=HOLD t=HOLD f=HOLD cf=HOLD  → HOLD no-tech  k=+0.20 RSI=57  BANC×0.89  sugar amt 0.55 NIBBLE feed 0.26 sat 0.43  eq $99913.53
[2026-09-09 23:40] 1.35520  raw t=HOLD f=HOLD tech=HOLD  fused T=HOLD t=HOLD f=HOLD cf=HOLD  → HOLD no-tech  k=+0.47 RSI=53  BANC×0.89  sugar amt 0.55 NIBBLE feed 0.26 sat 0.43  eq $99913.53
[2026-09-10 06:20] 1.35567  raw t=HOLD f=HOLD tech=HOLD  fused T=HOLD t=HOLD f=HOLD cf=HOLD  → HOLD no-tech  k=+0.44 RSI=53  BANC×0.89  sugar amt 0.55 NIBBLE feed 0.27 sat 0.37  eq $99913.53
[2026-09-10 10:10] skip SELL: cost/stop 0.41 (need <=0.40)
[2026-09-10 11:25] skip SELL: cost/stop 0.41 (need <=0.40)
[2026-09-10 12:05] SELL GBPUSD 1.01 lots @ 1.35200  margin $1365.52  comm $3.54  bias-down  raw tech=HOLD/hold t=SELL f=BUY  fused T=HOLD t=SELL f=BUY cf=SELL@0.40 fam {} bias-down  conf 62%  bar 45%  cal P(win)=0.50  n=0  P(edge)=0.60  similar=0.50  TA=0.69  data-weight=0.00  1.01 lots  risk $81 (0.08% eq)  SL 8.0 pips  ~$81 if stopped  bayes P(edge)=0.60  p=0.42  R=2.32  ½K=0.042  scale=0.71  risk 0.71%  BANC×1.04  admit×0.60  sugar×0.87  tape×0.25  cost×0.63  vol×1.00  liq×1.00  chase×0.78  heat×0.50  (DOWN, k -0.88)  → OK|1012|PAPER
[2026-09-10 12:40] CLOSE SELL WIN  1.01 lots  conf 62%  bar 45%  +18.7 pips  $+189.21  comm $7.07 slip $5.08 swap $0.00  snowball 0  (trail stop)
       → OK|1012
       adapt  bar 45%  cal P(win)=0.50  P(edge) floor 0.38  learn frozen
[2026-09-10 13:00] 1.35111  raw t=SELL f=HOLD tech=HOLD  fused T=HOLD t=SELL f=HOLD cf=HOLD  → HOLD no-tech  k=-0.93 RSI=40  BANC×1.00  sugar amt 0.55 NIBBLE feed 0.28 sat 0.45  eq $100102.74
[2026-09-10 14:00] SELL GBPUSD 1.45 lots @ 1.35191  margin $1960.26  comm $5.08  bias-down  raw tech=HOLD/hold t=SELL f=HOLD  fused T=HOLD t=SELL f=HOLD cf=SELL@0.40 fam {} bias-down  conf 68%  bar 45%  cal P(win)=0.50  n=0  P(edge)=0.61  similar=0.50  TA=0.92  data-weight=0.00  1.45 lots  risk $170 (0.39% eq)  SL 11.7 pips  ~$169 if stopped  bayes P(edge)=0.61  p=0.42  R=2.41  ½K=0.042  scale=0.71  risk 0.71%  sugar×1.13  tape×0.55  cost×0.80  vol×1.00  liq×1.00  chase×0.69  heat×1.00  (DOWN, k -0.92)  → OK|1013|PAPER
[2026-09-10 15:00] CLOSE SELL LOSS  1.45 lots  conf 68%  bar 45%  -11.7 pips  $-170.02  comm $10.15 slip $6.70 swap $0.00  snowball 0  (scalp scratch)
       → OK|1013
       adapt  bar 45%  cal P(win)=0.50  P(edge) floor 0.38  learn frozen
[2026-09-10 15:05] SELL GBPUSD 1.85 lots @ 1.35297  margin $2502.99  comm $6.48  bias-down  raw tech=HOLD/hold t=SELL f=HOLD  fused T=HOLD t=SELL f=HOLD cf=SELL@0.40 fam {} bias-down  conf 64%  bar 45%  cal P(win)=0.50  n=0  P(edge)=0.60  similar=0.50  TA=0.76  data-weight=0.00  1.85 lots  risk $170 (0.21% eq)  SL 9.2 pips  ~$170 if stopped  bayes P(edge)=0.61  p=0.42  R=2.39  ½K=0.044  scale=0.74  risk 0.74%  admit×0.60  sugar×1.14  tape×0.49  cost×0.71  vol×1.00  liq×1.00  chase×1.00  heat×0.70  (DOWN, k -0.73)  → OK|1014|PAPER
[2026-09-10 15:35] CLOSE SELL LOSS  1.85 lots  conf 64%  bar 45%  -4.0 pips  $-74.82  comm $12.95 slip $8.56 swap $0.00  snowball 0  (scalp scratch)
       → OK|1014
       adapt  bar 45%  cal P(win)=0.50  P(edge) floor 0.38  learn frozen
[2026-09-10 19:40] 1.35108  raw t=HOLD f=HOLD tech=HOLD  fused T=HOLD t=HOLD f=HOLD cf=HOLD  → HOLD no-tech  k=-0.77 RSI=40  BANC×0.98  sugar amt 0.55 NIBBLE feed 0.28 sat 0.44  eq $99857.90
[2026-09-11 02:20] 1.35055  raw t=HOLD f=HOLD tech=HOLD  fused T=HOLD t=HOLD f=HOLD cf=HOLD  → HOLD no-tech  k=+0.21 RSI=34  BANC×0.98  sugar amt 0.55 NIBBLE feed 0.29 sat 0.34  eq $99857.90
[2026-09-11 07:10] BUY GBPUSD 1.17 lots @ 1.35224  margin $1582.12  comm $4.09  bias-up  raw tech=HOLD/hold t=BUY f=HOLD  fused T=HOLD t=BUY f=HOLD cf=BUY@0.40 fam {} bias-up  conf 64%  bar 45%  cal P(win)=0.50  n=0  P(edge)=0.61  similar=0.50  TA=0.77  data-weight=0.00  1.17 lots  risk $94 (0.09% eq)  SL 8.0 pips  ~$94 if stopped  bayes P(edge)=0.61  p=0.42  R=2.47  ½K=0.048  scale=0.81  risk 0.81%  BANC×1.04  admit×0.60  sugar×0.88  tape×0.25  cost×0.63  vol×0.78  liq×0.75  chase×1.00  heat×0.50  (UP, k +0.69)  → OK|1015|PAPER
[2026-09-11 08:00] CLOSE BUY LOSS  1.17 lots  conf 64%  bar 45%  -11.4 pips  $-133.25  comm $8.19 slip $5.88 swap $0.00  snowball 0  (ATR stop)
       → OK|1015
       rails  circuit  3 losses → pause 12 bars
       adapt  bar 45%  cal P(win)=0.50  P(edge) floor 0.38  learn frozen
[2026-09-11 09:00] 1.35048  raw t=BUY  f=HOLD tech=HOLD  fused T=HOLD t=BUY  f=HOLD cf=BUY   → HOLD no-tech  k=+0.68 RSI=36  BANC×0.96  sugar amt 0.55 NIBBLE feed 0.29 sat 0.36  eq $99724.65
[2026-09-11 10:10] skip SELL: cost/stop 0.41 (need <=0.40)
[2026-09-11 10:50] skip SELL: cost/stop 0.40 (need <=0.40)
[2026-09-11 11:30] skip SELL: cost/stop 0.41 (need <=0.40)
[2026-09-11 12:10] SELL GBPUSD 1.11 lots @ 1.35112  margin $1499.74  comm $3.89  bias-down  raw tech=HOLD/hold t=SELL f=HOLD  fused T=HOLD t=SELL f=HOLD cf=SELL@0.40 fam {} bias-down  conf 63%  bar 45%  cal P(win)=0.50  n=0  P(edge)=0.60  similar=0.50  TA=0.75  data-weight=0.00  1.11 lots  risk $90 (0.09% eq)  SL 8.0 pips  ~$89 if stopped  bayes P(edge)=0.62  p=0.43  R=2.42  ½K=0.049  scale=0.83  risk 0.83%  BANC×0.97  admit×0.60  sugar×0.87  tape×0.25  cost×0.62  vol×1.00  liq×1.00  chase×1.00  heat×0.35  (DOWN, k -0.58)  → OK|1016|PAPER
[2026-09-11 12:45] CLOSE SELL LOSS  1.11 lots  conf 63%  bar 45%  -6.5 pips  $-71.69  comm $7.77 slip $5.63 swap $0.00  snowball 0  (ATR stop)
       → OK|1016
       rails  circuit  4 losses → pause 12 bars
       adapt  bar 45%  cal P(win)=0.50  P(edge) floor 0.38  learn frozen
[2026-09-11 15:40] 1.35217  raw t=BUY  f=HOLD tech=HOLD  fused T=HOLD t=BUY  f=HOLD cf=BUY   → HOLD no-tech  k=+0.69 RSI=45  BANC×0.90  sugar amt 1.70 FEAST feed 0.76 sat 0.38  eq $99652.96
[2026-09-13 23:50] 1.35227  raw t=HOLD f=HOLD tech=BUY   fused T=BUY  t=HOLD f=HOLD cf=HOLD  → HOLD wide-spread-need-3oo3  k=+0.57 RSI=43  BANC×0.90  sugar amt 1.70 FEAST feed 0.86 sat 0.31  eq $99652.96
[2026-09-14 06:30] 1.34956  raw t=HOLD f=HOLD tech=HOLD  fused T=HOLD t=HOLD f=HOLD cf=HOLD  → HOLD no-tech  k=-0.61 RSI=39  BANC×0.90  sugar amt 0.55 NIBBLE feed 0.29 sat 0.31  eq $99652.96
[2026-09-14 07:00] SELL GBPUSD 1.51 lots @ 1.34917  margin $2037.24  comm $5.29  bias-down  raw tech=HOLD/hold t=SELL f=BUY  fused T=HOLD t=SELL f=BUY cf=SELL@0.40 fam {} bias-down  conf 59%  bar 45%  cal P(win)=0.50  n=0  P(edge)=0.59  similar=0.50  TA=0.58  data-weight=0.00  1.51 lots  risk $121 (0.12% eq)  SL 8.0 pips  ~$121 if stopped  bayes P(edge)=0.61  p=0.42  R=2.35  ½K=0.047  scale=0.79  risk 0.79%  admit×0.60  sugar×1.22  tape×0.25  cost×0.62  vol×0.78  liq×0.75  chase×1.00  heat×0.35  (DOWN, k -0.54)  → OK|1017|PAPER
[2026-09-14 09:50] CLOSE SELL LOSS  1.51 lots  conf 59%  bar 45%  -1.6 pips  $-24.80  comm $10.57 slip $8.43 swap $0.00  snowball 0  (ATR stop)
       → OK|1017
       rails  circuit  5 losses → pause 12 bars
       adapt  bar 45%  cal P(win)=0.50  P(edge) floor 0.38  learn frozen
[2026-09-14 10:00] skip SELL: circuit pause 10 bars
[2026-09-14 10:40] skip SELL: circuit pause 2 bars
[2026-09-14 11:40] skip SELL: cost/stop 0.41 (need <=0.40)
[2026-09-14 12:35] SELL GBPUSD 1.00 lots @ 1.34760  margin $1347.60  comm $3.50  bias-down  raw tech=HOLD/hold t=SELL f=BUY  fused T=HOLD t=SELL f=BUY cf=HOLD@0.42 fam {} bias-down  conf 57%  bar 45%  cal P(win)=0.50  n=0  P(edge)=0.62  similar=0.50  TA=0.43  data-weight=0.00  1.00 lots  risk $81 (0.08% eq)  SL 8.0 pips  ~$80 if stopped  bayes P(edge)=0.60  p=0.42  R=2.37  ½K=0.046  scale=0.76  risk 0.76%  BANC×0.96  admit×0.60  sugar×0.87  tape×0.25  cost×0.60  vol×1.00  liq×1.00  chase×1.00  heat×0.35  (DOWN, k -0.37)  → OK|1018|PAPER
[2026-09-14 13:10] 1.34735  raw t=HOLD f=BUY  tech=HOLD  fused T=HOLD t=HOLD f=BUY  cf=HOLD  → HOLD no-tech  k=-0.28 RSI=40  BANC×0.95  sugar amt 1.00 FORAGE feed 0.59 sat 0.38  eq $99641.83
[2026-09-14 13:15] CLOSE SELL LOSS  1.00 lots  conf 57%  bar 45%  -1.2 pips  $-12.22  comm $7.00 slip $5.57 swap $0.00  snowball 0  (ATR stop)
       → OK|1018
       rails  circuit  6 losses → pause 12 bars
       adapt  bar 45%  cal P(win)=0.50  P(edge) floor 0.38  learn frozen
[2026-09-14 19:50] 1.35018  raw t=HOLD f=HOLD tech=HOLD  fused T=HOLD t=HOLD f=HOLD cf=HOLD  → HOLD no-tech  k=+0.95 RSI=34  BANC×0.89  sugar amt 0.55 NIBBLE feed 0.28 sat 0.37  eq $99615.94
[2026-09-15 02:30] 1.34853  raw t=HOLD f=HOLD tech=HOLD  fused T=HOLD t=HOLD f=HOLD cf=HOLD  → HOLD no-tech  k=-0.81 RSI=30  BANC×0.89  sugar amt 0.55 NIBBLE feed 0.28 sat 0.31  eq $99615.94
[2026-09-15 07:40] SELL GBPUSD 1.43 lots @ 1.34747  margin $1926.89  comm $5.00  bias-down  raw tech=HOLD/hold t=SELL f=HOLD  fused T=HOLD t=SELL f=HOLD cf=SELL@0.40 fam {} bias-down  conf 63%  bar 45%  cal P(win)=0.50  n=0  P(edge)=0.60  similar=0.50  TA=0.72  data-weight=0.00  1.43 lots  risk $115 (0.12% eq)  SL 8.0 pips  ~$114 if stopped  bayes P(edge)=0.61  p=0.42  R=2.44  ½K=0.045  scale=0.75  risk 0.75%  admit×0.60  sugar×1.22  tape×0.25  cost×0.61  vol×0.78  liq×0.75  chase×1.00  heat×0.35  (DOWN, k -0.48)  → OK|1019|PAPER
[2026-09-15 08:15] CLOSE SELL LOSS  1.43 lots  conf 63%  bar 45%  -6.3 pips  $-90.39  comm $10.01 slip $8.15 swap $0.00  snowball 0  (scalp scratch)
       → OK|1019
       rails  circuit  7 losses → pause 12 bars
       adapt  bar 45%  cal P(win)=0.50  P(edge) floor 0.38  learn frozen
[2026-09-15 09:10] 1.34749  raw t=HOLD f=HOLD tech=HOLD  fused T=HOLD t=HOLD f=HOLD cf=HOLD  → HOLD no-tech  k=-0.11 RSI=49  BANC×0.99  sugar amt 0.55 NIBBLE feed 0.28 sat 0.33  eq $99525.55
[2026-09-15 10:30] skip SELL: cost/stop 0.40 (need <=0.40)
[2026-09-15 11:10] skip SELL: cost/stop 0.40 (need <=0.40)
[2026-09-15 14:00] BUY GBPUSD 0.81 lots @ 1.34905  margin $1092.73  comm $2.83  bias-up  raw tech=HOLD/hold t=BUY f=SELL  fused T=HOLD t=BUY f=SELL cf=BUY@0.40 fam {} bias-up  conf 61%  bar 45%  cal P(win)=0.50  n=0  P(edge)=0.61  similar=0.50  TA=0.62  data-weight=0.00  0.81 lots  risk $65 (0.07% eq)  SL 8.0 pips  ~$65 if stopped  bayes P(edge)=0.60  p=0.42  R=2.41  ½K=0.037  scale=0.61  risk 0.61%  BANC×0.96  admit×0.60  sugar×0.88  tape×0.25  cost×0.63  vol×1.00  liq×1.00  chase×1.00  heat×0.35  (UP, k +0.53)  → OK|1020|PAPER
[2026-09-15 15:00] CLOSE BUY LOSS  0.81 lots  conf 61%  bar 45%  -2.4 pips  $-19.76  comm $5.67 slip $4.07 swap $0.00  snowball 0  (scalp scratch)
       → OK|1020
       rails  circuit  8 losses → pause 12 bars
       adapt  bar 45%  cal P(win)=0.50  P(edge) floor 0.38  learn frozen
[2026-09-15 15:50] 1.34765  raw t=BUY  f=HOLD tech=BUY   fused T=BUY  t=BUY  f=HOLD cf=BUY   → HOLD wide-spread-need-3oo3  k=+0.53 RSI=33  BANC×0.90  sugar amt 1.70 FEAST feed 0.86 sat 0.36  eq $99505.79
[2026-09-15 22:30] 1.34793  raw t=HOLD f=HOLD tech=HOLD  fused T=HOLD t=HOLD f=HOLD cf=HOLD  → HOLD no-tech  k=+0.05 RSI=58  BANC×0.90  sugar amt 0.55 NIBBLE feed 0.27 sat 0.36  eq $99505.79
[2026-09-16 05:10] 1.34867  raw t=HOLD f=HOLD tech=HOLD  fused T=HOLD t=HOLD f=HOLD cf=HOLD  → HOLD no-tech  k=+0.87 RSI=69  BANC×0.90  sugar amt 0.55 NIBBLE feed 0.29 sat 0.29  eq $99505.79
[2026-09-16 09:05] skip SELL: cost/stop 0.41 (need <=0.40)
[2026-09-16 09:45] skip SELL: cost/stop 0.40 (need <=0.40)
[2026-09-16 10:25] skip SELL: cost/stop 0.40 (need <=0.40)
[2026-09-16 11:05] skip SELL: cost/stop 0.42 (need <=0.40)
[2026-09-16 11:45] skip SELL: cost/stop 0.41 (need <=0.40)
[2026-09-16 11:50] 1.34577  raw t=SELL f=BUY  tech=HOLD  fused T=HOLD t=SELL f=BUY  cf=HOLD  → HOLD no-tech  k=-0.90 RSI=32  BANC×1.05  sugar amt 0.55 NIBBLE feed 0.29 sat 0.29  eq $99505.79
[2026-09-16 13:05] SELL GBPUSD 1.10 lots @ 1.34577  margin $1480.35  comm $3.85  bias-down  raw tech=HOLD/hold t=SELL f=BUY  fused T=HOLD t=SELL f=BUY cf=SELL@0.40 fam {} bias-down  conf 66%  bar 45%  cal P(win)=0.50  n=0  P(edge)=0.61  similar=0.50  TA=0.85  data-weight=0.00  1.10 lots  risk $88 (0.09% eq)  SL 8.0 pips  ~$88 if stopped  bayes P(edge)=0.61  p=0.42  R=2.36  ½K=0.045  scale=0.75  risk 0.75%  BANC×1.05  admit×0.60  sugar×0.88  tape×0.25  cost×0.63  vol×1.00  liq×1.00  chase×0.77  heat×0.35  (DOWN, k -0.88)  → OK|1021|PAPER
[2026-09-16 14:10] CLOSE SELL WIN  1.10 lots  conf 66%  bar 45%  +0.1 pips  $+1.14  comm $7.70 slip $5.44 swap $0.00  snowball 0  (scalp scratch)
       → OK|1021
       adapt  bar 45%  cal P(win)=0.50  P(edge) floor 0.38  learn frozen
[2026-09-16 14:15] SELL GBPUSD 1.80 lots @ 1.34508  margin $2421.15  comm $6.30  bias-down  raw tech=SELL/bounce t=SELL f=BUY  fused T=SELL t=SELL f=BUY cf=SELL@0.32 fam {} bias-down  conf 63%  bar 45%  cal P(win)=0.50  n=0  P(edge)=0.59  similar=0.50  TA=0.76  data-weight=0.00  1.80 lots  risk $144 (0.14% eq)  SL 8.0 pips  ~$144 if stopped  bayes P(edge)=0.59  p=0.42  R=2.31  ½K=0.041  scale=0.68  risk 0.68%  BANC×1.04  admit×0.60  sugar×0.87  tape×0.46  cost×0.63  vol×1.00  liq×1.00  chase×0.73  heat×1.00  (DOWN, k -0.90)  → OK|1022|PAPER
[2026-09-16 14:35] CLOSE SELL LOSS  1.80 lots  conf 63%  bar 45%  -11.3 pips  $-203.93  comm $12.60 slip $9.33 swap $0.00  snowball 0  (ATR stop)
       → OK|1022
       adapt  bar 45%  cal P(win)=0.50  P(edge) floor 0.38  learn frozen
[2026-09-16 14:55] SELL GBPUSD 1.79 lots @ 1.34534  margin $2408.16  comm $6.27  bias-down  raw tech=HOLD/hold t=SELL f=HOLD  fused T=HOLD t=SELL f=HOLD cf=SELL@0.40 fam {} bias-down  conf 66%  bar 45%  cal P(win)=0.50  n=0  P(edge)=0.62  similar=0.50  TA=0.83  data-weight=0.00  1.79 lots  risk $143 (0.14% eq)  SL 8.0 pips  ~$143 if stopped  bayes P(edge)=0.62  p=0.42  R=2.30  ½K=0.049  scale=0.83  risk 0.83%  admit×0.60  sugar×0.87  tape×0.40  cost×0.64  vol×1.00  liq×1.00  chase×0.88  heat×0.70  (DOWN, k -0.83)  → OK|1023|PAPER
[2026-09-16 16:20] CLOSE SELL WIN  1.79 lots  conf 66%  bar 45%  +0.8 pips  $+14.09  comm $12.53 slip $8.47 swap $0.00  snowball 0  (scalp scratch)
       → OK|1023
       adapt  bar 45%  cal P(win)=0.50  P(edge) floor 0.38  learn frozen
[2026-09-16 18:30] 1.33944  raw t=HOLD f=HOLD tech=HOLD  fused T=HOLD t=HOLD f=HOLD cf=HOLD  → HOLD no-tech  k=-0.87 RSI=19  BANC×0.96  sugar amt 0.55 NIBBLE feed 0.27 sat 0.36  eq $99317.09
[2026-09-17 01:10] 1.33747  raw t=HOLD f=HOLD tech=HOLD  fused T=HOLD t=HOLD f=HOLD cf=HOLD  → HOLD no-tech  k=-0.50 RSI=39  BANC×0.96  sugar amt 0.55 NIBBLE feed 0.28 sat 0.26  eq $99317.09
[2026-09-17 07:50] 1.33880  raw t=BUY  f=HOLD tech=HOLD  fused T=HOLD t=BUY  f=HOLD cf=BUY   → HOLD no-tech  k=+0.63 RSI=46  BANC×1.05  sugar amt 0.55 NIBBLE feed 0.29 sat 0.26  eq $99317.09
[2026-09-17 11:20] skip BUY: day bias DOWN
[2026-09-17 11:35] skip BUY: day bias DOWN
[2026-09-17 13:20] SELL GBPUSD 1.53 lots @ 1.33747  margin $2046.34  comm $5.36  bias-down  raw tech=HOLD/hold t=SELL f=BUY  fused T=HOLD t=SELL f=BUY cf=HOLD@0.42 fam {} bias-down  conf 60%  bar 45%  cal P(win)=0.50  n=0  P(edge)=0.60  similar=0.50  TA=0.60  data-weight=0.00  1.53 lots  risk $170 (0.25% eq)  SL 11.1 pips  ~$170 if stopped  bayes P(edge)=0.60  p=0.43  R=2.36  ½K=0.042  scale=0.70  risk 0.70%  admit×0.60  sugar×0.88  tape×0.79  cost×0.79  vol×1.00  liq×1.00  chase×1.00  heat×1.00  (DOWN, k -0.35)  → OK|1024|PAPER
[2026-09-17 14:20] CLOSE SELL WIN  1.53 lots  conf 60%  bar 45%  +0.1 pips  $+1.64  comm $10.71 slip $6.97 swap $0.00  snowball 0  (scalp scratch)
       → OK|1024
       adapt  bar 45%  cal P(win)=0.50  P(edge) floor 0.38  learn frozen
[2026-09-17 14:25] SELL GBPUSD 1.57 lots @ 1.33629  margin $2097.98  comm $5.50  bias-down  raw tech=HOLD/hold t=SELL f=BUY  fused T=HOLD t=SELL f=BUY cf=SELL@0.40 fam {} bias-down  conf 60%  bar 45%  cal P(win)=0.50  n=0  P(edge)=0.62  similar=0.50  TA=0.57  data-weight=0.00  1.57 lots  risk $170 (0.24% eq)  SL 10.8 pips  ~$170 if stopped  bayes P(edge)=0.60  p=0.42  R=2.28  ½K=0.041  scale=0.69  risk 0.69%  admit×0.60  sugar×0.88  tape×0.76  cost×0.76  vol×1.00  liq×1.00  chase×1.00  heat×1.00  (DOWN, k -0.53)  → OK|1025|PAPER
[2026-09-17 14:30] 1.33631  raw t=SELL f=BUY  tech=HOLD  fused T=HOLD t=SELL f=BUY  cf=SELL  → HOLD no-tech  k=-0.53 RSI=34  BANC×1.01  sugar amt 0.55 NIBBLE feed 0.54 sat 0.32  eq $99297.72
[2026-09-17 15:15] CLOSE SELL WIN  1.57 lots  conf 60%  bar 45%  +1.1 pips  $+17.27  comm $10.99 slip $8.29 swap $0.00  snowball 0  (scalp scratch)
       → OK|1025
       adapt  bar 45%  cal P(win)=0.50  P(edge) floor 0.38  learn frozen
[2026-09-17 15:30] SELL GBPUSD 1.61 lots @ 1.33451  margin $2148.56  comm $5.64  bias-down  raw tech=HOLD/hold t=SELL f=BUY  fused T=HOLD t=SELL f=BUY cf=HOLD@0.42 fam {} bias-down  conf 60%  bar 45%  cal P(win)=0.50  n=0  P(edge)=0.60  similar=0.50  TA=0.55  data-weight=0.00  1.61 lots  risk $170 (0.27% eq)  SL 10.6 pips  ~$170 if stopped  bayes P(edge)=0.61  p=0.43  R=2.40  ½K=0.046  scale=0.78  risk 0.78%  admit×0.60  sugar×0.87  tape×0.75  cost×0.75  vol×1.00  liq×1.00  chase×1.00  heat×1.00  (DOWN, k -0.63)  → OK|1026|PAPER
[2026-09-17 16:30] CLOSE SELL LOSS  1.61 lots  conf 60%  bar 45%  -4.8 pips  $-77.59  comm $11.27 slip $8.04 swap $0.00  snowball 0  (scalp scratch)
       → OK|1026
       adapt  bar 45%  cal P(win)=0.50  P(edge) floor 0.38  learn frozen
[2026-09-17 21:10] 1.33542  raw t=HOLD f=HOLD tech=HOLD  fused T=HOLD t=HOLD f=HOLD cf=HOLD  → HOLD no-tech  k=-0.12 RSI=44  BANC×1.01  sugar amt 0.55 NIBBLE feed 0.29 sat 0.35  eq $99258.41
[2026-09-18 03:50] 1.33727  raw t=HOLD f=HOLD tech=HOLD  fused T=HOLD t=HOLD f=HOLD cf=HOLD  → HOLD no-tech  k=+0.41 RSI=73  BANC×1.01  sugar amt 0.55 NIBBLE feed 0.30 sat 0.25  eq $99258.41
[2026-09-18 09:00] skip BUY: cost/stop 0.41 (need <=0.40)
[2026-09-18 09:50] skip BUY: cost/stop 0.42 (need <=0.40)
[2026-09-18 10:30] 1.33652  raw t=BUY  f=HOLD tech=HOLD  fused T=HOLD t=BUY  f=HOLD cf=BUY   → HOLD no-tech  k=+0.54 RSI=42  BANC×1.05  sugar amt 0.55 NIBBLE feed 0.29 sat 0.25  eq $99258.41
[2026-09-18 12:25] SELL GBPUSD 2.01 lots @ 1.33362  margin $2680.58  comm $7.04  bias-down  raw tech=HOLD/hold t=SELL f=BUY  fused T=HOLD t=SELL f=BUY cf=HOLD@0.42 fam {} bias-down  conf 59%  bar 45%  cal P(win)=0.50  n=0  P(edge)=0.60  similar=0.50  TA=0.53  data-weight=0.00  2.01 lots  risk $170 (0.17% eq)  SL 8.4 pips  ~$170 if stopped  bayes P(edge)=0.61  p=0.42  R=2.36  ½K=0.046  scale=0.78  risk 0.78%  BANC×1.04  admit×0.60  sugar×0.88  tape×0.47  cost×0.67  vol×1.00  liq×1.00  chase×1.00  heat×0.70  (DOWN, k -0.58)  → OK|1027|PAPER
[2026-09-18 12:45] CLOSE SELL LOSS  2.01 lots  conf 59%  bar 45%  -11.7 pips  $-234.39  comm $14.07 slip $9.27 swap $0.00  snowball 0  (ATR stop)
       → OK|1027
       adapt  bar 45%  cal P(win)=0.50  P(edge) floor 0.38  learn frozen
[2026-09-18 13:05] SELL GBPUSD 1.08 lots @ 1.33458  margin $1441.35  comm $3.78  bias-down  raw tech=HOLD/hold t=SELL f=HOLD  fused T=HOLD t=SELL f=HOLD cf=SELL@0.40 fam {} bias-down  conf 66%  bar 45%  cal P(win)=0.50  n=0  P(edge)=0.60  similar=0.50  TA=0.86  data-weight=0.00  1.08 lots  risk $87 (0.09% eq)  SL 8.1 pips  ~$87 if stopped  bayes P(edge)=0.60  p=0.42  R=2.30  ½K=0.042  scale=0.70  risk 0.70%  admit×0.60  sugar×0.88  tape×0.29  cost×0.65  vol×1.00  liq×1.00  chase×0.88  heat×0.50  (DOWN, k -0.83)  → OK|1028|PAPER
[2026-09-18 14:05] CLOSE SELL LOSS  1.08 lots  conf 66%  bar 45%  -1.7 pips  $-18.43  comm $7.56 slip $5.13 swap $0.00  snowball 0  (scalp scratch)
       → OK|1028
       rails  circuit  3 losses → pause 12 bars
       adapt  bar 45%  cal P(win)=0.50  P(edge) floor 0.38  learn frozen
[2026-09-18 17:10] 1.33935  raw t=HOLD f=HOLD tech=HOLD  fused T=HOLD t=HOLD f=HOLD cf=HOLD  → HOLD no-tech  k=+0.90 RSI=77  BANC×0.89  sugar amt 0.55 NIBBLE feed 0.29 sat 0.28  eq $99005.58
[2026-09-21 01:20] 1.33914  raw t=HOLD f=HOLD tech=HOLD  fused T=HOLD t=HOLD f=HOLD cf=HOLD  → HOLD no-tech  k=-0.20 RSI=52  BANC×0.89  sugar amt 0.55 NIBBLE feed 0.29 sat 0.21  eq $99005.58
[2026-09-21 08:00] 1.33811  raw t=SELL f=BUY  tech=HOLD  fused T=HOLD t=SELL f=BUY  cf=SELL  → HOLD no-tech  k=-0.80 RSI=56  BANC×1.06  sugar amt 0.55 NIBBLE feed 0.28 sat 0.21  eq $99005.58
[2026-09-21 10:30] skip BUY: cost/stop 0.41 (need <=0.40)
[2026-09-21 11:10] skip BUY: cost/stop 0.41 (need <=0.40)
[2026-09-21 14:40] 1.33763  raw t=HOLD f=HOLD tech=HOLD  fused T=HOLD t=HOLD f=HOLD cf=HOLD  → HOLD no-tech  k=+0.27 RSI=38  BANC×1.04  sugar amt 0.55 NIBBLE feed 0.31 sat 0.21  eq $99005.58
[2026-09-21 15:15] SELL GBPUSD 0.94 lots @ 1.33728  margin $1257.04  comm $3.29  bias-down  raw tech=HOLD/hold t=SELL f=BUY  fused T=HOLD t=SELL f=BUY cf=BUY@0.40 fam {} bias-down  conf 59%  bar 45%  cal P(win)=0.50  n=0  P(edge)=0.58  similar=0.50  TA=0.57  data-weight=0.00  0.94 lots  risk $76 (0.08% eq)  SL 8.0 pips  ~$75 if stopped  bayes P(edge)=0.61  p=0.42  R=2.38  ½K=0.038  scale=0.65  risk 0.65%  BANC×1.05  admit×0.60  sugar×0.89  tape×0.25  cost×0.64  vol×1.00  liq×1.00  chase×1.00  heat×0.35  (DOWN, k -0.38)  → OK|1029|PAPER
[2026-09-21 16:15] CLOSE SELL LOSS  0.94 lots  conf 59%  bar 45%  -2.1 pips  $-19.63  comm $6.58 slip $4.15 swap $0.00  snowball 0  (scalp scratch)
       → OK|1029
       rails  circuit  4 losses → pause 12 bars
       adapt  bar 45%  cal P(win)=0.50  P(edge) floor 0.38  learn frozen
[2026-09-21 21:20] 1.33676  raw t=HOLD f=HOLD tech=HOLD  fused T=HOLD t=HOLD f=HOLD cf=HOLD  → HOLD no-tech  k=+0.07 RSI=46  BANC×1.06  sugar amt 0.55 NIBBLE feed 0.29 sat 0.24  eq $98985.96
[2026-09-22 04:00] 1.33824  raw t=HOLD f=HOLD tech=HOLD  fused T=HOLD t=HOLD f=HOLD cf=HOLD  → HOLD no-tech  k=+0.33 RSI=65  BANC×1.06  sugar amt 0.55 NIBBLE feed 0.30 sat 0.21  eq $98985.96
[2026-09-22 08:05] SELL GBPUSD 0.88 lots @ 1.33533  margin $1175.09  comm $3.08  bias-down  raw tech=HOLD/hold t=SELL f=BUY  fused T=HOLD t=SELL f=BUY cf=BUY@0.40 fam {} bias-down  conf 58%  bar 45%  cal P(win)=0.50  n=0  P(edge)=0.60  similar=0.50  TA=0.50  data-weight=0.00  0.88 lots  risk $75 (0.08% eq)  SL 8.4 pips  ~$74 if stopped  bayes P(edge)=0.61  p=0.42  R=2.32  ½K=0.038  scale=0.64  risk 0.64%  BANC×1.04  admit×0.60  sugar×0.89  tape×0.25  cost×0.66  vol×0.78  liq×0.90  chase×1.00  heat×0.35  (DOWN, k -0.35)  → OK|1030|PAPER
[2026-09-22 08:35] CLOSE SELL WIN  0.88 lots  conf 58%  bar 45%  +15.0 pips  $+132.18  comm $6.16 slip $4.31 swap $0.00  snowball 0  (trail stop)
       → OK|1030
       adapt  bar 45%  cal P(win)=0.50  P(edge) floor 0.38  learn frozen
[2026-09-22 08:45] SELL GBPUSD 1.24 lots @ 1.33499  margin $1655.39  comm $4.34  bias-down  raw tech=HOLD/hold t=SELL f=HOLD  fused T=HOLD t=SELL f=HOLD cf=SELL@0.40 fam {} bias-down  conf 64%  bar 45%  cal P(win)=0.50  n=0  P(edge)=0.60  similar=0.50  TA=0.83  data-weight=0.00  1.24 lots  risk $169 (0.17% eq)  SL 13.6 pips  ~$169 if stopped  bayes P(edge)=0.59  p=0.42  R=2.34  ½K=0.038  scale=0.64  risk 0.64%  admit×0.60  sugar×0.88  tape×0.60  cost×0.85  vol×0.78  liq×0.90  chase×1.00  heat×1.00  (DOWN, k -0.77)  → OK|1031|PAPER
[2026-09-22 09:45] CLOSE SELL LOSS  1.24 lots  conf 64%  bar 45%  -13.3 pips  $-165.44  comm $8.68 slip $5.65 swap $0.00  snowball 0  (scalp scratch)
       → OK|1031
       adapt  bar 45%  cal P(win)=0.50  P(edge) floor 0.38  learn frozen
[2026-09-22 09:50] SELL GBPUSD 0.91 lots @ 1.33648  margin $1216.20  comm $3.19  bias-down  raw tech=HOLD/hold t=SELL f=BUY  fused T=HOLD t=SELL f=BUY cf=SELL@0.40 fam {} bias-down  conf 65%  bar 45%  cal P(win)=0.50  n=0  P(edge)=0.61  similar=0.50  TA=0.82  data-weight=0.00  0.91 lots  risk $106 (0.11% eq)  SL 11.5 pips  ~$105 if stopped  bayes P(edge)=0.59  p=0.42  R=2.40  ½K=0.037  scale=0.61  risk 0.61%  BANC×0.95  admit×0.60  sugar×0.87  tape×0.41  cost×0.71  vol×1.00  liq×0.90  chase×0.93  heat×0.70  (DOWN, k -0.81)  → OK|1032|PAPER
[2026-09-22 10:40] 1.33688  raw t=SELL f=HOLD tech=HOLD  fused T=HOLD t=SELL f=HOLD cf=SELL  → HOLD no-tech  k=-0.49 RSI=57  BANC×0.94  sugar amt 1.00 FORAGE feed 0.80 sat 0.30  eq $98903.85
[2026-09-22 10:50] CLOSE SELL LOSS  0.91 lots  conf 65%  bar 45%  -2.2 pips  $-20.05  comm $6.37 slip $4.51 swap $0.00  snowball 0  (scalp scratch)
       → OK|1032
       adapt  bar 45%  cal P(win)=0.50  P(edge) floor 0.38  learn frozen
[2026-09-22 17:20] 1.33243  raw t=HOLD f=HOLD tech=SELL  fused T=SELL t=HOLD f=HOLD cf=HOLD  → HOLD 1oo3-skip (cont t=HOLD f=HOLD)  k=-0.94 RSI=36  BANC×0.88  sugar amt 0.55 NIBBLE feed 0.27 sat 0.30  eq $98932.64
[2026-09-23 00:00] 1.33428  raw t=HOLD f=HOLD tech=HOLD  fused T=HOLD t=HOLD f=HOLD cf=HOLD  → HOLD no-tech  k=+0.46 RSI=44  BANC×0.88  sugar amt 0.55 NIBBLE feed 0.26 sat 0.20  eq $98932.64
adapt  saved C:\Workspace\FlyFOREXTrader\reports\adapt_payoff_GBPUSD.json  bar 45%  skips 0  SL 2.43  TP 12.0  impulse>=0.50  RSI 52/49

──────── trade report (costs included) ────────
  # side   lots  conf    entry     exit    pips        USD  reason
  1 BUY    1.76    66  1.35488  1.35459    -3.6     -62.89  scalp scratch
  2 BUY    1.60    62  1.35550  1.35543    -1.5     -23.58  scalp scratch
  3 SELL   1.01    62  1.35200  1.35005   +18.7    +189.21  trail stop
  4 SELL   1.45    68  1.35191  1.35301   -11.7    -170.02  scalp scratch
  5 SELL   1.85    64  1.35297  1.35330    -4.0     -74.82  scalp scratch
  6 BUY    1.17    64  1.35224  1.35117   -11.4    -133.25  ATR stop
  7 SELL   1.11    63  1.35112  1.35169    -6.5     -71.69  ATR stop
  8 SELL   1.51    59  1.34917  1.34926    -1.6     -24.80  ATR stop
  9 SELL   1.00    57  1.34760  1.34765    -1.2     -12.22  ATR stop
 10 SELL   1.43    63  1.34747  1.34803    -6.3     -90.39  scalp scratch
 11 BUY    0.81    61  1.34905  1.34888    -2.4     -19.76  scalp scratch
 12 SELL   1.10    66  1.34577  1.34569    +0.1      +1.14  scalp scratch
 13 SELL   1.80    63  1.34508  1.34615   -11.3    -203.93  ATR stop
 14 SELL   1.79    66  1.34534  1.34519    +0.8     +14.09  scalp scratch
 15 SELL   1.53    60  1.33747  1.33739    +0.1      +1.64  scalp scratch
 16 SELL   1.57    60  1.33629  1.33611    +1.1     +17.27  scalp scratch
 17 SELL   1.61    60  1.33451  1.33492    -4.8     -77.59  scalp scratch
 18 SELL   2.01    59  1.33362  1.33472   -11.7    -234.39  ATR stop
 19 SELL   1.08    66  1.33458  1.33468    -1.7     -18.43  scalp scratch
 20 SELL   0.94    59  1.33728  1.33742    -2.1     -19.63  scalp scratch
 21 SELL   0.88    58  1.33533  1.33376   +15.0    +132.18  trail stop
 22 SELL   1.24    64  1.33499  1.33626   -13.3    -165.44  scalp scratch
 23 SELL   0.91    65  1.33648  1.33663    -2.2     -20.05  scalp scratch
──────────────────────────────────────────────
23 trades  6W/17L  win rate 26%  net -61.5 pips  net $-1067.35
costs  spread≈$524.17  commission=$218.12  slippage=$153.47  swap=$0.00
account  start $100,000.00  balance $98,932.64  equity $98,932.64  margin $0.00  free $98,932.64  level n/a
leverage 1:100  rejected 0  stop-outs 0  avg 1.35 lots  return -1.067%
confidence  high>=60 5/17 (29%)  low<60 1/6 (17%)  (should separate as n grows)
plausibility  bar 45% -> 45%  mean cal P(win) 0.50
tax  model=no tax due on a net loss; the loss may carry forward depending on local rules  estimated due $0.00  after-tax $-1,067.35  effective 0.0%
      estimate only - not tax advice; set --tax-rate / --tax-model for your jurisdiction
saved C:\Workspace\FlyFOREXTrader\reports\trades-GBPUSD-20260922-234247.csv
evo     missing  brains/USDJPY.evo.json — Train DA with evolve, or uncheck use evolved
sim account $100,000  leverage 1:100  commission $7.00/lot RT  slip 0.2 pip  spread 0.01200  quote JPY
sizing  1.00% of equity per trade, scaled by Bayesian half-Kelly  lot 0.01-20.00  margin cap 25% of free
risk-tol  balanced  factory geometry  risk-factor exits off
adapt  reset C:\Workspace\FlyFOREXTrader\reports\adapt_payoff_USDJPY.json
confidence  plausibility bar starts 45% (base 45%; evolves with calibration)
params  SL 2.40 ATR  TP 12.0 ATR  trail 3.20/1.80  RSI arm 52/48  min |impulse| 0.50
tax  24.0%  model=ordinary  (estimate at report time)
learn  frozen for this replay (traces loaded, rewards off)
brain   params  SL 2.49 ATR  RSI arm 52/48  impulse>=0.50
brain   loaded brains/USDJPY.json  DA n=41
risk  dynamic tape  spread/stop, ATR regime, London-NY liquidity, chase, heat  (same rules on every pair; stored pair risk_factors are not applied)
committee  cat-fuse  all live inverse-var mix → {tech, fly-trend, fly-fade} 2oo3   both BUY and SELL   parallel: flow-algo   fusion: Kalman+Bayes gate + fly-conf (native votes, abstain only)
pair-book  OFF (--no-pair-book)
snowball  on  add up to 2×55% of first lots  when fly-trend agrees, profit is past BE but not yet trailing, pullback from the extreme
martingale  on  ×1.20 after a scratch, ×1.28 cap; never after a full stop; freeze if DD/BANC/pair-admit
plastic  on  PAM/PPL dopamine × eligibility on readout + sensory gains (connectome W frozen)
BANC    female cluster net n=36  banc-clusters  risk voter mixed with MaleCNS ol_sensory+vnc_sensory  (full 188k edgelist needs CAVE_TOKEN)
sugar   native GRN lamp  23 cells  0.45×nice on the risk pass  (4k-era: eat every 2oo3, no skip/flatten; check sugar feed for the overlay)
rails   fly-trader kill 2.5% DD  (1.0% after snowball)  circuit 3 losses  pair-admit 2 trades / PF≥1.00 then full size
[2026-09-07 18:25] 154.35300  raw t=HOLD f=HOLD tech=HOLD  fused T=HOLD t=HOLD f=HOLD cf=HOLD  → HOLD no-tech  k=+0.32 RSI=50  BANC×1.00  sugar lamp feed 0.09  eq $100000.00
[2026-09-08 01:05] 153.68401  raw t=SELL f=SELL tech=HOLD  fused T=HOLD t=SELL f=SELL cf=SELL  → HOLD no-tech  k=-0.74 RSI=41  BANC×0.86  sugar lamp feed 0.21  eq $100000.00
[2026-09-08 07:45] 153.90601  raw t=SELL f=SELL tech=HOLD  fused T=HOLD t=SELL f=SELL cf=SELL  → HOLD no-tech  k=+0.44 RSI=60  BANC×0.86  sugar lamp feed 0.21  eq $100000.00
[2026-09-08 14:25] 154.05000  raw t=HOLD f=HOLD tech=HOLD  fused T=HOLD t=HOLD f=HOLD cf=HOLD  → HOLD no-tech  k=-0.19 RSI=56  BANC×0.86  sugar lamp feed 0.21  eq $100000.00
[2026-09-08 21:05] 153.94501  raw t=HOLD f=HOLD tech=HOLD  fused T=HOLD t=HOLD f=HOLD cf=HOLD  → HOLD no-tech  k=-0.06 RSI=45  BANC×0.87  sugar lamp feed 0.21  eq $100000.00
[2026-09-09 03:45] 153.41800  raw t=SELL f=SELL tech=HOLD  fused T=HOLD t=SELL f=SELL cf=SELL  → HOLD no-tech  k=-0.29 RSI=36  BANC×0.90  sugar lamp feed 0.20  eq $100000.00
[2026-09-09 07:00] SELL USDJPY 0.16 lots @ 153.21921  margin $24515.07  comm $0.56  3oo3+flow size×1.18  conf 61%  raw tech=SELL/bounce t=SELL f=SELL  fused T=SELL t=SELL f=SELL cf=SELL@0.32 fam {} 3oo3+flow  conf 61%  bar 45%  cal P(win)=0.50  n=0  P(edge)=0.60  similar=0.50  TA=0.76  data-weight=0.00  0.16 lots  risk $253 (0.25% eq)  SL 27.1 pips  ~$28 if stopped  bayes P(edge)=0.60  p=0.42  R=2.38  ½K=0.039  scale=0.65  risk 0.65%  BANC×0.86  rec×0.85  admit×0.60  tape×0.75  cost×1.00  vol×1.00  liq×0.75  chase×1.00  heat×1.00  (DOWN, k -0.66)  → OK|1033|PAPER
[2026-09-09 08:00] CLOSE SELL LOSS  0.16 lots  conf 61%  bar 45%  -0.1 pips  $-9.85  comm $1.12 slip $0.59 swap $0.00  snowball 0  (scalp scratch)
       → OK|1033
       adapt  bar 45%  cal P(win)=0.50  P(edge) floor 0.38  learn frozen
[2026-09-09 08:05] SELL USDJPY 0.16 lots @ 153.32260  margin $24531.62  comm $0.56  bias-down  raw tech=HOLD/hold t=SELL f=SELL  fused T=HOLD t=SELL f=SELL cf=SELL@0.40 fam {} bias-down  conf 59%  bar 45%  cal P(win)=0.50  n=0  P(edge)=0.61  similar=0.50  TA=0.67  data-weight=0.00  0.16 lots  risk $159 (0.16% eq)  SL 30.1 pips  ~$31 if stopped  bayes P(edge)=0.60  p=0.42  R=2.38  ½K=0.041  scale=0.69  risk 0.69%  BANC×0.85  rec×0.85  admit×0.60  tape×0.63  cost×1.00  vol×1.00  liq×0.90  chase×1.00  heat×0.70  (DOWN, k -0.48)  → OK|1034|PAPER
[2026-09-09 08:30] CLOSE SELL LOSS  0.16 lots  conf 59%  bar 45%  -0.2 pips  $-32.78  comm $1.12 slip $0.52 swap $0.00  snowball 0  (ATR stop)
       → OK|1034
       adapt  bar 45%  cal P(win)=0.50  P(edge) floor 0.38  learn frozen
[2026-09-09 10:25] 153.56200  raw t=SELL f=SELL tech=HOLD  fused T=HOLD t=SELL f=SELL cf=SELL  → HOLD no-tech  k=+0.44 RSI=52  BANC×0.80  sugar lamp feed 0.21  eq $99957.37
[2026-09-09 17:05] 153.51500  raw t=HOLD f=HOLD tech=HOLD  fused T=HOLD t=HOLD f=HOLD cf=HOLD  → HOLD no-tech  k=+0.39 RSI=51  BANC×0.79  sugar lamp feed 0.21  eq $99957.37
[2026-09-09 23:45] 153.47900  raw t=HOLD f=HOLD tech=HOLD  fused T=HOLD t=HOLD f=HOLD cf=HOLD  → HOLD no-tech  k=-0.61 RSI=59  BANC×0.79  sugar lamp feed 0.21  eq $99957.37
[2026-09-10 06:25] 153.53101  raw t=HOLD f=HOLD tech=HOLD  fused T=HOLD t=HOLD f=HOLD cf=HOLD  → HOLD no-tech  k=+0.14 RSI=53  BANC×0.91  sugar lamp feed 0.21  eq $99957.37
[2026-09-10 10:00] BUY USDJPY 0.16 lots @ 153.69223  margin $24590.76  comm $0.56  bias-up  raw tech=HOLD/hold t=SELL f=SELL  fused T=HOLD t=HOLD f=SELL cf=HOLD@0.42 fam {} bias-up  conf 58%  bar 45%  cal P(win)=0.50  n=0  P(edge)=0.60  similar=0.50  TA=0.56  data-weight=0.00  0.16 lots  risk $142 (0.14% eq)  SL 15.6 pips  ~$16 if stopped  bayes P(edge)=0.60  p=0.42  R=2.41  ½K=0.044  scale=0.73  risk 0.73%  BANC×0.95  admit×0.60  tape×0.40  cost×0.90  vol×1.00  liq×0.90  chase×1.00  heat×0.50  (UP, k +0.54)  → OK|1035|PAPER
[2026-09-10 10:55] CLOSE BUY WIN  0.16 lots  conf 58%  bar 45%  +0.2 pips  $+36.91  comm $1.12 slip $0.53 swap $0.00  snowball 0  (trail stop)
       → OK|1035
       adapt  bar 45%  cal P(win)=0.50  P(edge) floor 0.38  learn frozen
[2026-09-10 11:00] BUY USDJPY 0.16 lots @ 154.06614  margin $24650.58  comm $0.56  bias-up  raw tech=HOLD/hold t=SELL f=SELL  fused T=HOLD t=HOLD f=SELL cf=SELL@0.40 fam {} bias-up  conf 57%  bar 45%  cal P(win)=0.50  n=0  P(edge)=0.62  similar=0.50  TA=0.53  data-weight=0.00  0.16 lots  risk $236 (0.24% eq)  SL 19.9 pips  ~$21 if stopped  bayes P(edge)=0.59  p=0.42  R=2.33  ½K=0.036  scale=0.60  risk 0.60%  BANC×0.92  admit×0.60  tape×0.83  cost×0.96  vol×1.00  liq×0.90  chase×0.97  heat×1.00  (UP, k +0.79)  → OK|1036|PAPER
[2026-09-10 12:35] CLOSE BUY WIN  0.16 lots  conf 58%  bar 45%  +0.3 pips  $+41.36  comm $1.12 slip $0.53 swap $0.00  snowball 0  (trail stop)
       → OK|1036
       adapt  bar 45%  cal P(win)=0.50  P(edge) floor 0.38  learn frozen
[2026-09-10 12:40] BUY USDJPY 0.16 lots @ 154.42456  margin $24707.93  comm $0.56  bias-up  raw tech=HOLD/hold t=SELL f=SELL  fused T=HOLD t=HOLD f=SELL cf=SELL@0.40 fam {} bias-up  conf 57%  bar 45%  cal P(win)=0.50  n=0  P(edge)=0.60  similar=0.50  TA=0.61  data-weight=0.00  0.16 lots  risk $264 (0.26% eq)  SL 28.7 pips  ~$30 if stopped  bayes P(edge)=0.60  p=0.42  R=2.38  ½K=0.043  scale=0.72  risk 0.72%  BANC×0.88  rec×0.85  tape×0.57  cost×1.00  vol×0.78  liq×1.00  chase×0.74  heat×1.00  (UP, k +0.90)  → OK|1037|PAPER
[2026-09-10 13:05] 154.25999  raw t=SELL f=SELL tech=HOLD  fused T=HOLD t=HOLD f=SELL cf=SELL  → HOLD no-tech  k=+0.89 RSI=53  BANC×0.85  sugar lamp feed 0.20  eq $100017.39
[2026-09-10 13:40] CLOSE BUY LOSS  0.16 lots  conf 58%  bar 45%  -0.2 pips  $-30.28  comm $1.12 slip $0.52 swap $0.00  snowball 0  (scalp scratch)
       → OK|1037
       adapt  bar 45%  cal P(win)=0.50  P(edge) floor 0.38  learn frozen
[2026-09-10 19:45] 154.31200  raw t=HOLD f=HOLD tech=HOLD  fused T=HOLD t=HOLD f=HOLD cf=HOLD  → HOLD no-tech  k=+0.65 RSI=49  BANC×0.84  sugar lamp feed 0.21  eq $100005.36
[2026-09-11 00:00] BUY USDJPY 0.16 lots @ 154.43179  margin $24709.09  comm $0.56  bias-up  raw tech=HOLD/hold t=SELL f=SELL  fused T=HOLD t=HOLD f=SELL cf=SELL@0.40 fam {} bias-up  conf 61%  bar 45%  cal P(win)=0.50  n=0  P(edge)=0.61  similar=0.50  TA=0.67  data-weight=0.00  0.16 lots  risk $198 (0.20% eq)  SL 16.0 pips  ~$17 if stopped  bayes P(edge)=0.60  p=0.43  R=2.39  ½K=0.041  scale=0.69  risk 0.69%  BANC×0.92  tape×0.37  cost×0.81  vol×1.00  liq×0.65  chase×1.00  heat×0.70  (UP, k +0.56)  → OK|1038|PAPER
[2026-09-11 01:00] CLOSE BUY LOSS  0.16 lots  conf 60%  bar 45%  -0.0 pips  $-4.89  comm $1.12 slip $0.60 swap $0.00  snowball 0  (scalp scratch)
       → OK|1038
       adapt  bar 45%  cal P(win)=0.50  P(edge) floor 0.38  learn frozen
[2026-09-11 01:05] BUY USDJPY 0.16 lots @ 154.38934  margin $24702.29  comm $0.56  bias-up  raw tech=HOLD/hold t=SELL f=SELL  fused T=HOLD t=HOLD f=SELL cf=SELL@0.40 fam {} bias-up  conf 58%  bar 45%  cal P(win)=0.50  n=0  P(edge)=0.58  similar=0.50  TA=0.61  data-weight=0.00  0.16 lots  risk $149 (0.15% eq)  SL 20.9 pips  ~$22 if stopped  bayes P(edge)=0.62  p=0.43  R=2.44  ½K=0.048  scale=0.82  risk 0.82%  BANC×0.86  rec×0.85  tape×0.29  cost×0.90  vol×1.00  liq×0.65  chase×1.00  heat×0.50  (UP, k +0.48)  → OK|1039|PAPER
[2026-09-11 01:35] CLOSE BUY LOSS  0.16 lots  conf 58%  bar 45%  -0.1 pips  $-15.72  comm $1.12 slip $0.53 swap $0.00  snowball 0  (scalp scratch)
       → OK|1039
       rails  circuit  3 losses → pause 12 bars
       adapt  bar 45%  cal P(win)=0.50  P(edge) floor 0.38  learn frozen
[2026-09-11 02:25] 154.47400  raw t=HOLD f=HOLD tech=HOLD  fused T=HOLD t=HOLD f=HOLD cf=HOLD  → HOLD no-tech  k=+0.11 RSI=56  BANC×0.83  sugar lamp feed 0.21  eq $99984.75
[2026-09-11 09:05] 154.14000  raw t=HOLD f=HOLD tech=HOLD  fused T=HOLD t=HOLD f=HOLD cf=HOLD  → HOLD no-tech  k=-0.16 RSI=47  BANC×0.82  sugar lamp feed 0.22  eq $99984.75
[2026-09-11 15:45] 153.66299  raw t=SELL f=SELL tech=HOLD  fused T=HOLD t=SELL f=SELL cf=SELL  → HOLD no-tech  k=-0.43 RSI=56  BANC×0.81  sugar lamp feed 0.22  eq $99984.75
[2026-09-14 00:00] SELL USDJPY 0.16 lots @ 153.44540  margin $24551.26  comm $0.56  bias-down  raw tech=HOLD/hold t=SELL f=SELL  fused T=HOLD t=SELL f=SELL cf=SELL@0.40 fam {} bias-down  conf 57%  bar 45%  cal P(win)=0.50  n=0  P(edge)=0.61  similar=0.50  TA=0.51  data-weight=0.00  0.16 lots  risk $69 (0.07% eq)  SL 19.7 pips  ~$21 if stopped  bayes P(edge)=0.60  p=0.42  R=2.35  ½K=0.043  scale=0.72  risk 0.72%  BANC×0.89  rec×0.85  admit×0.60  tape×0.25  cost×0.88  vol×1.00  liq×0.65  chase×1.00  heat×0.35  (DOWN, k -0.36)  → OK|1040|PAPER
[2026-09-14 00:25] 153.65700  raw t=SELL f=SELL tech=HOLD  fused T=HOLD t=SELL f=SELL cf=SELL  → HOLD no-tech  k=-0.40 RSI=55  BANC×0.86  sugar lamp feed 0.20  eq $99961.03
[2026-09-14 00:25] CLOSE SELL LOSS  0.16 lots  conf 57%  bar 45%  -0.2 pips  $-24.56  comm $1.12 slip $0.58 swap $0.00  snowball 0  (ATR stop)
       → OK|1040
       rails  circuit  4 losses → pause 12 bars
       adapt  bar 45%  cal P(win)=0.50  P(edge) floor 0.38  learn frozen
[2026-09-14 03:05] BUY USDJPY 0.16 lots @ 154.10614  margin $24656.98  comm $0.56  bias-up  raw tech=HOLD/hold t=SELL f=SELL  fused T=HOLD t=HOLD f=SELL cf=SELL@0.40 fam {} bias-up  conf 57%  bar 45%  cal P(win)=0.50  n=0  P(edge)=0.62  similar=0.50  TA=0.50  data-weight=0.00  0.16 lots  risk $56 (0.06% eq)  SL 18.5 pips  ~$19 if stopped  bayes P(edge)=0.59  p=0.42  R=2.20  ½K=0.036  scale=0.59  risk 0.59%  BANC×0.87  rec×0.85  admit×0.60  tape×0.25  cost×0.94  vol×1.00  liq×0.65  chase×1.00  heat×0.35  (UP, k +0.71)  → OK|1041|PAPER
[2026-09-14 04:05] CLOSE BUY LOSS  0.16 lots  conf 57%  bar 45%  -0.1 pips  $-11.87  comm $1.12 slip $0.51 swap $0.00  snowball 0  (scalp scratch)
       → OK|1041
       rails  circuit  5 losses → pause 12 bars
       adapt  bar 45%  cal P(win)=0.50  P(edge) floor 0.38  learn frozen
[2026-09-14 07:05] 154.25800  raw t=SELL f=SELL tech=HOLD  fused T=HOLD t=HOLD f=SELL cf=HOLD  → HOLD no-tech  k=+0.68 RSI=65  BANC×0.83  sugar lamp feed 0.20  eq $99948.31
[2026-09-14 13:45] 154.94800  raw t=SELL f=SELL tech=HOLD  fused T=HOLD t=HOLD f=SELL cf=SELL  → HOLD no-tech  k=+0.76 RSI=71  BANC×0.82  sugar lamp feed 0.21  eq $99948.31
[2026-09-14 20:25] 154.39000  raw t=HOLD f=HOLD tech=HOLD  fused T=HOLD t=HOLD f=HOLD cf=HOLD  → HOLD no-tech  k=-0.32 RSI=62  BANC×0.80  sugar lamp feed 0.21  eq $99948.31
[2026-09-15 01:15] BUY USDJPY 0.16 lots @ 154.66822  margin $24746.91  comm $0.56  bias-up  raw tech=HOLD/hold t=SELL f=SELL  fused T=HOLD t=HOLD f=SELL cf=SELL@0.40 fam {} bias-up  conf 57%  bar 45%  cal P(win)=0.50  n=0  P(edge)=0.59  similar=0.50  TA=0.51  data-weight=0.00  0.16 lots  risk $72 (0.07% eq)  SL 14.9 pips  ~$15 if stopped  bayes P(edge)=0.60  p=0.42  R=2.47  ½K=0.038  scale=0.63  risk 0.63%  BANC×0.90  admit×0.60  tape×0.25  cost×0.80  vol×1.00  liq×0.65  chase×1.00  heat×0.35  (UP, k +0.63)  → OK|1042|PAPER
[2026-09-15 03:05] 154.73399  raw t=SELL f=SELL tech=HOLD  fused T=HOLD t=HOLD f=SELL cf=SELL  → HOLD no-tech  k=+0.88 RSI=49  BANC×0.92  sugar lamp feed 0.19  eq $99953.74
[2026-09-15 03:45] CLOSE BUY LOSS  0.16 lots  conf 57%  bar 45%  -0.0 pips  $-3.67  comm $1.12 slip $0.53 swap $0.00  snowball 0  (ATR stop)
       → OK|1042
       rails  circuit  6 losses → pause 12 bars
       adapt  bar 45%  cal P(win)=0.50  P(edge) floor 0.38  learn frozen
[2026-09-15 03:50] skip BUY: circuit pause 11 bars
[2026-09-15 07:00] BUY USDJPY 0.16 lots @ 154.88074  margin $24780.92  comm $0.56  bias-up  raw tech=HOLD/hold t=SELL f=SELL  fused T=HOLD t=HOLD f=SELL cf=SELL@0.40 fam {} bias-up  conf 57%  bar 45%  cal P(win)=0.50  n=0  P(edge)=0.61  similar=0.50  TA=0.52  data-weight=0.00  0.16 lots  risk $69 (0.07% eq)  SL 16.2 pips  ~$17 if stopped  bayes P(edge)=0.61  p=0.42  R=2.41  ½K=0.042  scale=0.71  risk 0.71%  BANC×0.90  rec×0.85  admit×0.60  tape×0.25  cost×0.94  vol×1.00  liq×0.75  chase×1.00  heat×0.35  (UP, k +0.56)  → OK|1043|PAPER
[2026-09-15 08:20] CLOSE BUY LOSS  0.16 lots  conf 57%  bar 45%  -0.0 pips  $-5.91  comm $1.12 slip $0.56 swap $0.00  snowball 0  (ATR stop)
       → OK|1043
       rails  circuit  7 losses → pause 12 bars
       adapt  bar 45%  cal P(win)=0.50  P(edge) floor 0.38  learn frozen
[2026-09-15 09:45] 154.94200  raw t=SELL f=SELL tech=HOLD  fused T=HOLD t=HOLD f=SELL cf=SELL  → HOLD no-tech  k=+0.61 RSI=49  BANC×0.81  sugar lamp feed 0.22  eq $99938.72
[2026-09-15 16:25] 155.08299  raw t=HOLD f=HOLD tech=HOLD  fused T=HOLD t=HOLD f=HOLD cf=HOLD  → HOLD no-tech  k=+0.49 RSI=51  BANC×0.81  sugar lamp feed 0.22  eq $99938.72
[2026-09-15 23:05] 155.17799  raw t=HOLD f=HOLD tech=HOLD  fused T=HOLD t=HOLD f=HOLD cf=HOLD  → HOLD no-tech  k=+0.01 RSI=67  BANC×0.81  sugar lamp feed 0.22  eq $99938.72
[2026-09-16 00:25] BUY USDJPY 0.16 lots @ 155.21621  margin $24834.59  comm $0.56  bias-up  raw tech=HOLD/hold t=SELL f=SELL  fused T=HOLD t=HOLD f=SELL cf=SELL@0.40 fam {} bias-up  conf 59%  bar 45%  cal P(win)=0.50  n=0  P(edge)=0.60  similar=0.50  TA=0.64  data-weight=0.00  0.16 lots  risk $89 (0.09% eq)  SL 18.9 pips  ~$19 if stopped  bayes P(edge)=0.61  p=0.42  R=2.39  ½K=0.044  scale=0.74  risk 0.74%  BANC×0.94  admit×0.60  tape×0.25  cost×0.88  vol×1.00  liq×0.65  chase×1.00  heat×0.35  (UP, k +0.45)  → OK|1044|PAPER
[2026-09-16 02:55] CLOSE BUY WIN  0.16 lots  conf 59%  bar 45%  +0.0 pips  $+0.46  comm $1.12 slip $0.52 swap $0.00  snowball 0  (scalp scratch)
       → OK|1044
       adapt  bar 45%  cal P(win)=0.50  P(edge) floor 0.38  learn frozen
[2026-09-16 03:00] BUY USDJPY 0.16 lots @ 155.29339  margin $24846.94  comm $0.56  bias-up  raw tech=BUY/bounce t=SELL f=SELL  fused T=BUY t=HOLD f=SELL cf=SELL@0.58 fam {} bias-up  conf 60%  bar 45%  cal P(win)=0.50  n=0  P(edge)=0.61  similar=0.50  TA=0.62  data-weight=0.00  0.16 lots  risk $226 (0.23% eq)  SL 16.1 pips  ~$17 if stopped  bayes P(edge)=0.61  p=0.42  R=2.47  ½K=0.048  scale=0.81  risk 0.81%  BANC×0.94  admit×0.60  tape×0.58  cost×0.90  vol×1.00  liq×0.65  chase×1.00  heat×1.00  (UP, k +0.51)  → OK|1045|PAPER
[2026-09-16 04:25] CLOSE BUY WIN  0.16 lots  conf 60%  bar 45%  +0.0 pips  $+0.35  comm $1.12 slip $0.53 swap $0.00  snowball 0  (scalp scratch)
       → OK|1045
       adapt  bar 45%  cal P(win)=0.50  P(edge) floor 0.38  learn frozen
[2026-09-16 05:45] 155.24699  raw t=HOLD f=HOLD tech=HOLD  fused T=HOLD t=HOLD f=HOLD cf=HOLD  → HOLD no-tech  k=+0.02 RSI=40  BANC×0.93  sugar lamp feed 0.19  eq $99939.53
[2026-09-16 07:00] SELL USDJPY 0.16 lots @ 155.00440  margin $24800.70  comm $0.56  bias-down  raw tech=HOLD/hold t=SELL f=SELL  fused T=HOLD t=SELL f=SELL cf=SELL@0.40 fam {} bias-down  conf 58%  bar 45%  cal P(win)=0.50  n=0  P(edge)=0.61  similar=0.50  TA=0.54  data-weight=0.00  0.16 lots  risk $184 (0.18% eq)  SL 15.9 pips  ~$16 if stopped  bayes P(edge)=0.58  p=0.42  R=2.39  ½K=0.033  scale=0.54  risk 0.54%  BANC×0.95  admit×0.60  tape×0.71  cost×0.94  vol×1.00  liq×0.75  chase×1.00  heat×1.00  (DOWN, k -0.58)  → OK|1046|PAPER
[2026-09-16 08:00] CLOSE SELL LOSS  0.16 lots  conf 58%  bar 45%  -0.0 pips  $-0.92  comm $1.12 slip $0.52 swap $0.00  snowball 0  (scalp scratch)
       → OK|1046
       adapt  bar 45%  cal P(win)=0.50  P(edge) floor 0.38  learn frozen
[2026-09-16 12:25] 155.14999  raw t=HOLD f=HOLD tech=HOLD  fused T=HOLD t=HOLD f=HOLD cf=HOLD  → HOLD no-tech  k=-0.10 RSI=60  BANC×0.89  sugar lamp feed 0.21  eq $99938.61
[2026-09-16 19:05] 155.96400  raw t=HOLD f=HOLD tech=HOLD  fused T=HOLD t=HOLD f=HOLD cf=HOLD  → HOLD no-tech  k=+0.56 RSI=73  BANC×0.89  sugar lamp feed 0.21  eq $99938.61
[2026-09-17 01:45] 156.12100  raw t=HOLD f=HOLD tech=HOLD  fused T=HOLD t=HOLD f=HOLD cf=HOLD  → HOLD no-tech  k=+0.16 RSI=51  BANC×0.89  sugar lamp feed 0.21  eq $99938.61
[2026-09-17 07:05] SELL USDJPY 0.16 lots @ 155.59023  margin $24894.44  comm $0.56  bias-down  raw tech=HOLD/hold t=SELL f=SELL  fused T=HOLD t=SELL f=SELL cf=SELL@0.40 fam {} bias-down  conf 61%  bar 45%  cal P(win)=0.50  n=0  P(edge)=0.60  similar=0.50  TA=0.72  data-weight=0.00  0.16 lots  risk $174 (0.17% eq)  SL 22.4 pips  ~$23 if stopped  bayes P(edge)=0.60  p=0.42  R=2.41  ½K=0.043  scale=0.72  risk 0.72%  BANC×0.90  admit×0.60  tape×0.52  cost×1.00  vol×1.00  liq×0.75  chase×1.00  heat×0.70  (DOWN, k -0.72)  → OK|1047|PAPER
[2026-09-17 08:05] CLOSE SELL LOSS  0.16 lots  conf 60%  bar 45%  -0.2 pips  $-26.11  comm $1.12 slip $0.56 swap $0.00  snowball 0  (ATR stop)
       → OK|1047
       adapt  bar 45%  cal P(win)=0.50  P(edge) floor 0.38  learn frozen
[2026-09-17 08:25] 155.80600  raw t=SELL f=SELL tech=HOLD  fused T=HOLD t=SELL f=SELL cf=SELL  → HOLD no-tech  k=-0.59 RSI=56  BANC×0.85  sugar lamp feed 0.21  eq $99912.50
[2026-09-17 09:10] SELL USDJPY 0.16 lots @ 155.65076  margin $24904.12  comm $0.56  bias-down  raw tech=HOLD/hold t=SELL f=SELL  fused T=HOLD t=SELL f=SELL cf=SELL@0.40 fam {} bias-down  conf 57%  bar 45%  cal P(win)=0.50  n=0  P(edge)=0.62  similar=0.50  TA=0.52  data-weight=0.00  0.16 lots  risk $107 (0.11% eq)  SL 17.6 pips  ~$18 if stopped  bayes P(edge)=0.59  p=0.42  R=2.38  ½K=0.041  scale=0.68  risk 0.68%  BANC×0.87  rec×0.85  admit×0.60  tape×0.42  cost×0.93  vol×1.00  liq×0.90  chase×1.00  heat×0.50  (DOWN, k -0.36)  → OK|1048|PAPER
[2026-09-17 10:10] CLOSE SELL LOSS  0.16 lots  conf 58%  bar 45%  -0.0 pips  $-4.04  comm $1.12 slip $0.50 swap $0.00  snowball 0  (scalp scratch)
       → OK|1048
       rails  circuit  3 losses → pause 12 bars
       adapt  bar 45%  cal P(win)=0.50  P(edge) floor 0.38  learn frozen
[2026-09-17 15:05] 155.73900  raw t=HOLD f=HOLD tech=HOLD  fused T=HOLD t=HOLD f=HOLD cf=HOLD  → HOLD no-tech  k=+0.05 RSI=55  BANC×0.80  sugar lamp feed 0.21  eq $99908.46
[2026-09-17 21:45] 155.93401  raw t=HOLD f=HOLD tech=HOLD  fused T=HOLD t=HOLD f=HOLD cf=HOLD  → HOLD no-tech  k=+0.00 RSI=44  BANC×0.83  sugar lamp feed 0.21  eq $99908.46
[2026-09-18 00:20] BUY USDJPY 0.15 lots @ 156.18550  margin $23427.83  comm $0.53  bias-up  raw tech=HOLD/hold t=SELL f=SELL  fused T=HOLD t=HOLD f=SELL cf=SELL@0.40 fam {} bias-up  conf 56%  bar 45%  cal P(win)=0.50  n=0  P(edge)=0.61  similar=0.50  TA=0.43  data-weight=0.00  0.15 lots  risk $95 (0.10% eq)  SL 14.8 pips  ~$14 if stopped  bayes P(edge)=0.61  p=0.43  R=2.44  ½K=0.049  scale=0.82  risk 0.82%  BANC×0.91  admit×0.60  tape×0.25  cost×0.79  vol×1.00  liq×0.65  chase×1.00  heat×0.35  (UP, k +0.55)  → OK|1049|PAPER
[2026-09-18 01:20] CLOSE BUY LOSS  0.15 lots  conf 56%  bar 45%  -0.0 pips  $-0.47  comm $1.05 slip $0.51 swap $0.00  snowball 0  (scalp scratch)
       → OK|1049
       rails  circuit  4 losses → pause 12 bars
       adapt  bar 45%  cal P(win)=0.50  P(edge) floor 0.38  learn frozen
[2026-09-18 01:25] skip BUY: circuit pause 11 bars
[2026-09-18 02:05] skip BUY: circuit pause 3 bars
[2026-09-18 02:45] BUY USDJPY 0.15 lots @ 156.18231  margin $23427.35  comm $0.53  bias-up  raw tech=BUY/bounce t=SELL f=SELL  fused T=BUY t=HOLD f=SELL cf=SELL@0.58 fam {} bias-up  conf 63%  bar 45%  cal P(win)=0.50  n=0  P(edge)=0.62  similar=0.50  TA=0.75  data-weight=0.00  0.15 lots  risk $88 (0.09% eq)  SL 15.0 pips  ~$14 if stopped  bayes P(edge)=0.60  p=0.42  R=2.37  ½K=0.046  scale=0.76  risk 0.76%  BANC×0.90  admit×0.60  tape×0.25  cost×0.88  vol×1.00  liq×0.65  chase×1.00  heat×0.35  (UP, k +0.72)  → OK|1050|PAPER
[2026-09-18 03:20] CLOSE BUY WIN  0.15 lots  conf 63%  bar 45%  +0.5 pips  $+73.11  comm $1.05 slip $0.51 swap $0.00  snowball 0  (ATR target)
       → OK|1050
       adapt  bar 45%  cal P(win)=0.50  P(edge) floor 0.38  learn frozen
[2026-09-18 03:25] BUY USDJPY 0.15 lots @ 156.94921  margin $23542.38  comm $0.53  bias-up  raw tech=HOLD/hold t=SELL f=SELL  fused T=HOLD t=HOLD f=SELL cf=SELL@0.40 fam {} bias-up  conf 55%  bar 45%  cal P(win)=0.50  n=0  P(edge)=0.61  similar=0.50  TA=0.51  data-weight=0.00  0.15 lots  risk $124 (0.12% eq)  SL 30.2 pips  ~$29 if stopped  bayes P(edge)=0.60  p=0.42  R=2.47  ½K=0.041  scale=0.68  risk 0.68%  BANC×0.82  rec×0.85  admit×0.60  tape×0.51  cost×1.00  vol×0.78  liq×0.65  chase×1.00  heat×1.00  (UP, k +0.75)  → OK|1051|PAPER
[2026-09-18 04:25] 156.97400  raw t=HOLD f=HOLD tech=HOLD  fused T=HOLD t=HOLD f=HOLD cf=HOLD  → HOLD no-tech  k=+0.87 RSI=63  BANC×0.80  sugar lamp feed 0.20  eq $99982.20
[2026-09-18 04:25] CLOSE BUY WIN  0.15 lots  conf 55%  bar 45%  +0.0 pips  $+0.37  comm $1.05 slip $0.44 swap $0.00  snowball 0  (scalp scratch)
       → OK|1051
       adapt  bar 45%  cal P(win)=0.50  P(edge) floor 0.38  learn frozen
[2026-09-18 11:05] 157.81100  raw t=SELL f=SELL tech=HOLD  fused T=HOLD t=HOLD f=SELL cf=SELL  → HOLD no-tech  k=+0.80 RSI=49  BANC×0.84  sugar lamp feed 0.21  eq $99981.47
[2026-09-18 17:45] 156.69901  raw t=HOLD f=HOLD tech=SELL  fused T=SELL t=HOLD f=HOLD cf=HOLD  → HOLD 1oo3-skip (cont t=HOLD f=HOLD)  k=-0.81 RSI=38  BANC×0.84  sugar lamp feed 0.21  eq $99981.47
[2026-09-21 02:10] SELL USDJPY 0.15 lots @ 156.79075  margin $23518.61  comm $0.53  bias-down  raw tech=HOLD/hold t=SELL f=SELL  fused T=HOLD t=SELL f=SELL cf=SELL@0.40 fam {} bias-down  conf 61%  bar 45%  cal P(win)=0.50  n=0  P(edge)=0.60  similar=0.50  TA=0.73  data-weight=0.00  0.15 lots  risk $183 (0.18% eq)  SL 21.9 pips  ~$21 if stopped  bayes P(edge)=0.61  p=0.42  R=2.44  ½K=0.045  scale=0.75  risk 0.75%  BANC×0.89  rec×0.85  admit×0.60  tape×0.63  cost×0.97  vol×1.00  liq×0.65  chase×1.00  heat×1.00  (DOWN, k -0.35)  → OK|1052|PAPER
[2026-09-21 02:20] 156.84500  raw t=SELL f=SELL tech=HOLD  fused T=HOLD t=SELL f=SELL cf=SELL  → HOLD no-tech  k=-0.36 RSI=57  BANC×0.88  sugar lamp feed 0.20  eq $99975.01
[2026-09-21 02:45] CLOSE SELL LOSS  0.15 lots  conf 61%  bar 45%  -0.0 pips  $-6.16  comm $1.05 slip $0.46 swap $0.00  snowball 0  (scalp scratch)
       → OK|1052
       adapt  bar 45%  cal P(win)=0.50  P(edge) floor 0.38  learn frozen
[2026-09-21 07:00] BUY USDJPY 0.15 lots @ 157.08289  margin $23562.43  comm $0.53  bias-up  raw tech=HOLD/hold t=SELL f=SELL  fused T=HOLD t=HOLD f=SELL cf=SELL@0.40 fam {} bias-up  conf 57%  bar 45%  cal P(win)=0.50  n=0  P(edge)=0.61  similar=0.50  TA=0.45  data-weight=0.00  0.15 lots  risk $132 (0.13% eq)  SL 13.1 pips  ~$12 if stopped  bayes P(edge)=0.59  p=0.42  R=2.38  ½K=0.037  scale=0.61  risk 0.61%  BANC×0.91  admit×0.60  tape×0.47  cost×0.89  vol×1.00  liq×0.75  chase×1.00  heat×0.70  (UP, k +0.45)  → OK|1053|PAPER
[2026-09-21 08:30] CLOSE BUY LOSS  0.15 lots  conf 57%  bar 45%  -0.0 pips  $-0.22  comm $1.05 slip $0.51 swap $0.00  snowball 0  (scalp scratch)
       → OK|1053
       adapt  bar 45%  cal P(win)=0.50  P(edge) floor 0.38  learn frozen
[2026-09-21 09:00] 157.23399  raw t=SELL f=SELL tech=HOLD  fused T=HOLD t=HOLD f=SELL cf=SELL  → HOLD no-tech  k=+0.64 RSI=60  BANC×0.84  sugar lamp feed 0.21  eq $99975.09
[2026-09-21 15:40] 157.49699  raw t=SELL f=SELL tech=HOLD  fused T=HOLD t=HOLD f=SELL cf=HOLD  → HOLD no-tech  k=+0.74 RSI=63  BANC×0.84  sugar lamp feed 0.21  eq $99975.09
[2026-09-21 22:20] 157.36301  raw t=HOLD f=HOLD tech=HOLD  fused T=HOLD t=HOLD f=HOLD cf=HOLD  → HOLD no-tech  k=-0.31 RSI=53  BANC×0.84  sugar lamp feed 0.21  eq $99975.09
[2026-09-22 02:45] BUY USDJPY 0.15 lots @ 157.44222  margin $23616.33  comm $0.53  bias-up  raw tech=BUY/bounce t=SELL f=SELL  fused T=BUY t=HOLD f=SELL cf=SELL@0.58 fam {} bias-up  conf 63%  bar 45%  cal P(win)=0.50  n=0  P(edge)=0.61  similar=0.50  TA=0.69  data-weight=0.00  0.15 lots  risk $75 (0.07% eq)  SL 11.1 pips  ~$11 if stopped  bayes P(edge)=0.60  p=0.42  R=2.41  ½K=0.037  scale=0.61  risk 0.61%  BANC×0.94  admit×0.60  tape×0.26  cost×0.79  vol×1.00  liq×0.65  chase×1.00  heat×0.50  (UP, k +0.51)  → OK|1054|PAPER
[2026-09-22 04:25] CLOSE BUY WIN  0.15 lots  conf 63%  bar 45%  +0.0 pips  $+0.14  comm $1.05 slip $0.46 swap $0.00  snowball 0  (scalp scratch)
       → OK|1054
       adapt  bar 45%  cal P(win)=0.50  P(edge) floor 0.38  learn frozen
[2026-09-22 05:00] 157.45799  raw t=HOLD f=HOLD tech=HOLD  fused T=HOLD t=HOLD f=HOLD cf=HOLD  → HOLD no-tech  k=+0.49 RSI=47  BANC×0.94  sugar lamp feed 0.19  eq $99975.23
[2026-09-22 07:00] BUY USDJPY 0.15 lots @ 157.68884  margin $23653.33  comm $0.53  bias-up  raw tech=HOLD/hold t=SELL f=SELL  fused T=HOLD t=HOLD f=SELL cf=SELL@0.40 fam {} bias-up  conf 57%  bar 45%  cal P(win)=0.50  n=0  P(edge)=0.59  similar=0.50  TA=0.48  data-weight=0.00  0.15 lots  risk $214 (0.21% eq)  SL 13.4 pips  ~$13 if stopped  bayes P(edge)=0.60  p=0.42  R=2.34  ½K=0.039  scale=0.65  risk 0.65%  BANC×0.96  admit×0.60  tape×0.67  cost×0.89  vol×1.00  liq×0.75  chase×1.00  heat×1.00  (UP, k +0.62)  → OK|1055|PAPER
[2026-09-22 08:20] CLOSE BUY LOSS  0.15 lots  conf 57%  bar 45%  -0.0 pips  $-2.32  comm $1.05 slip $0.52 swap $0.00  snowball 0  (scalp scratch)
       → OK|1055
       adapt  bar 45%  cal P(win)=0.50  P(edge) floor 0.38  learn frozen
[2026-09-22 08:25] BUY USDJPY 0.15 lots @ 157.69244  margin $23653.87  comm $0.53  bias-up  raw tech=HOLD/hold t=SELL f=SELL  fused T=HOLD t=HOLD f=SELL cf=HOLD@0.42 fam {} bias-up  conf 63%  bar 45%  cal P(win)=0.50  n=0  P(edge)=0.59  similar=0.50  TA=0.74  data-weight=0.00  0.15 lots  risk $182 (0.18% eq)  SL 13.0 pips  ~$12 if stopped  bayes P(edge)=0.60  p=0.42  R=2.44  ½K=0.042  scale=0.70  risk 0.70%  BANC×0.93  admit×0.60  tape×0.55  cost×0.90  vol×1.00  liq×0.90  chase×0.97  heat×0.70  (UP, k +0.80)  → OK|1056|PAPER
[2026-09-22 08:35] CLOSE BUY LOSS  0.15 lots  conf 62%  bar 45%  -0.1 pips  $-16.62  comm $1.05 slip $0.53 swap $0.00  snowball 0  (ATR stop)
       → OK|1056
       adapt  bar 45%  cal P(win)=0.50  P(edge) floor 0.38  learn frozen
[2026-09-22 11:40] 157.19299  raw t=SELL f=SELL tech=SELL  fused T=SELL t=SELL f=SELL cf=SELL  → SELL 3oo3+flow  k=-0.55 RSI=56  BANC×0.81  sugar lamp feed 0.21  eq $99956.28
[2026-09-22 18:20] 157.42900  raw t=HOLD f=HOLD tech=HOLD  fused T=HOLD t=HOLD f=HOLD cf=HOLD  → HOLD no-tech  k=+0.49 RSI=47  BANC×0.83  sugar lamp feed 0.21  eq $99956.28
[2026-09-23 00:00] BUY USDJPY 0.15 lots @ 157.52890  margin $23629.34  comm $0.53  bias-up  raw tech=HOLD/hold t=SELL f=SELL  fused T=HOLD t=HOLD f=SELL cf=SELL@0.40 fam {} bias-up  conf 58%  bar 45%  cal P(win)=0.50  n=0  P(edge)=0.59  similar=0.50  TA=0.51  data-weight=0.00  0.15 lots  risk $67 (0.07% eq)  SL 11.7 pips  ~$11 if stopped  bayes P(edge)=0.59  p=0.41  R=2.34  ½K=0.034  scale=0.57  risk 0.57%  BANC×0.93  admit×0.60  tape×0.25  cost×0.68  vol×1.00  liq×0.65  chase×1.00  heat×0.50  (UP, k +0.58)  → OK|1057|PAPER
[2026-09-23 01:00] 157.57300  raw t=SELL f=SELL tech=HOLD  fused T=HOLD t=HOLD f=SELL cf=SELL  → HOLD no-tech  k=+0.62 RSI=65  BANC×0.92  sugar lamp feed 0.19  eq $99958.93
[2026-09-23 01:10] CLOSE BUY WIN  0.15 lots  conf 58%  bar 45%  +0.0 pips  $+0.75  comm $1.05 slip $0.53 swap $0.00  snowball 0  (scalp scratch)
       → OK|1057
       adapt  bar 45%  cal P(win)=0.50  P(edge) floor 0.38  learn frozen
[2026-09-23 01:15] BUY USDJPY 0.15 lots @ 157.59221  margin $23638.83  comm $0.53  bias-up  raw tech=HOLD/hold t=SELL f=SELL  fused T=HOLD t=HOLD f=SELL cf=SELL@0.40 fam {} bias-up  conf 58%  bar 45%  cal P(win)=0.50  n=0  P(edge)=0.61  similar=0.50  TA=0.51  data-weight=0.00  0.15 lots  risk $159 (0.16% eq)  SL 12.7 pips  ~$12 if stopped  bayes P(edge)=0.60  p=0.42  R=2.38  ½K=0.041  scale=0.68  risk 0.68%  BANC×0.96  admit×0.60  tape×0.48  cost×0.74  vol×1.00  liq×0.65  chase×1.00  heat×1.00  (UP, k +0.64)  → OK|1058|PAPER
[2026-09-23 02:20] CLOSE BUY LOSS  0.15 lots  conf 58%  bar 45%  -0.0 pips  $-1.57  comm $1.05 slip $0.46 swap $0.00  snowball 0  (scalp scratch)
       → OK|1058
       adapt  bar 45%  cal P(win)=0.50  P(edge) floor 0.38  learn frozen
[2026-09-23 02:25] BUY USDJPY 0.15 lots @ 157.62012  margin $23643.02  comm $0.53  bias-up  raw tech=HOLD/hold t=SELL f=SELL  fused T=HOLD t=HOLD f=SELL cf=SELL@0.40 fam {} bias-up  conf 60%  bar 45%  cal P(win)=0.50  n=0  P(edge)=0.61  similar=0.50  TA=0.61  data-weight=0.00  0.15 lots  risk $117 (0.12% eq)  SL 12.4 pips  ~$12 if stopped  bayes P(edge)=0.61  p=0.42  R=2.40  ½K=0.039  scale=0.66  risk 0.66%  BANC×0.92  admit×0.60  tape×0.38  cost×0.83  vol×1.00  liq×0.65  chase×1.00  heat×0.70  (UP, k +0.70)  → OK|1059|PAPER
[2026-09-23 03:25] CLOSE BUY LOSS  0.15 lots  conf 60%  bar 45%  -0.0 pips  $-3.09  comm $1.05 slip $0.46 swap $0.00  snowball 0  (scalp scratch)
       → OK|1059
       adapt  bar 45%  cal P(win)=0.50  P(edge) floor 0.38  learn frozen
adapt  saved C:\Workspace\FlyFOREXTrader\reports\adapt_payoff_USDJPY.json  bar 45%  skips 0  SL 2.49  TP 12.0  impulse>=0.50  RSI 52/48

──────── trade report (costs included) ────────
  # side   lots  conf    entry     exit    pips        USD  reason
  1 SELL   0.16    61 153.21921 153.30286    -0.1      -9.85  scalp scratch
  2 SELL   0.16    59 153.32260 153.62655    -0.2     -32.78  ATR stop
  3 BUY    0.16    58 153.69223 154.05848    +0.2     +36.91  trail stop
  4 BUY    0.16    58 154.06614 154.47625    +0.3     +41.36  trail stop
  5 BUY    0.16    58 154.42456 154.14357    -0.2     -30.28  scalp scratch
  6 BUY    0.16    60 154.43179 154.39541    -0.0      -4.89  scalp scratch
  7 BUY    0.16    58 154.38934 154.24857    -0.1     -15.72  scalp scratch
  8 SELL   0.16    57 153.44540 153.67055    -0.2     -24.56  ATR stop
  9 BUY    0.16    57 154.10614 154.00264    -0.1     -11.87  scalp scratch
 10 BUY    0.16    57 154.66822 154.64352    -0.0      -3.67  ATR stop
 11 BUY    0.16    57 154.88074 154.83434    -0.0      -5.91  ATR stop
 12 BUY    0.16    59 155.21621 155.23157    +0.0      +0.46  scalp scratch
 13 BUY    0.16    60 155.29339 155.30766    +0.0      +0.35  scalp scratch
 14 SELL   0.16    58 155.00440 155.00246    -0.0      -0.92  scalp scratch
 15 SELL   0.16    60 155.59023 155.83363    -0.2     -26.11  ATR stop
 16 SELL   0.16    58 155.65076 155.67921    -0.0      -4.04  scalp scratch
 17 BUY    0.15    56 156.18550 156.19157    -0.0      -0.47  scalp scratch
 18 BUY    0.15    63 156.18231 156.95841    +0.5     +73.11  ATR target
 19 BUY    0.15    55 156.94921 156.96402    +0.0      +0.37  scalp scratch
 20 SELL   0.15    61 156.79075 156.84418    -0.0      -6.16  scalp scratch
 21 BUY    0.15    57 157.08289 157.09159    -0.0      -0.22  scalp scratch
 22 BUY    0.15    63 157.44222 157.45476    +0.0      +0.14  scalp scratch
 23 BUY    0.15    57 157.68884 157.67544    -0.0      -2.32  scalp scratch
 24 BUY    0.15    62 157.69244 157.52886    -0.1     -16.62  ATR stop
 25 BUY    0.15    58 157.52890 157.54779    +0.0      +0.75  scalp scratch
 26 BUY    0.15    58 157.59221 157.58673    -0.0      -1.57  scalp scratch
 27 BUY    0.15    60 157.62012 157.59871    -0.0      -3.09  scalp scratch
──────────────────────────────────────────────
27 trades  8W/19L  win rate 30%  net -0.2 pips  net $-47.60
costs  spread≈$42.69  commission=$29.47  slippage=$14.00  swap=$0.00
account  start $100,000.00  balance $99,952.37  equity $99,952.37  margin $0.00  free $99,952.37  level n/a
leverage 1:100  rejected 0  stop-outs 0  avg 0.16 lots  return -0.048%
confidence  high>=60 2/8 (25%)  low<60 6/19 (32%)  (should separate as n grows)
plausibility  bar 45% -> 45%  mean cal P(win) 0.50
tax  model=no tax due on a net loss; the loss may carry forward depending on local rules  estimated due $0.00  after-tax $-47.60  effective 0.0%
      estimate only - not tax advice; set --tax-rate / --tax-model for your jurisdiction
saved C:\Workspace\FlyFOREXTrader\reports\trades-USDJPY-20260922-235156.csv
evo     missing  brains/USDCHF.evo.json — Train DA with evolve, or uncheck use evolved
sim account $100,000  leverage 1:100  commission $7.00/lot RT  slip 0.2 pip  spread 0.00016  quote CHF
sizing  1.00% of equity per trade, scaled by Bayesian half-Kelly  lot 0.01-20.00  margin cap 25% of free
risk-tol  balanced  factory geometry  risk-factor exits off
adapt  reset C:\Workspace\FlyFOREXTrader\reports\adapt_payoff_USDCHF.json
confidence  plausibility bar starts 45% (base 45%; evolves with calibration)
params  SL 2.40 ATR  TP 12.0 ATR  trail 3.20/1.80  RSI arm 52/48  min |impulse| 0.50
tax  24.0%  model=ordinary  (estimate at report time)
learn  frozen for this replay (traces loaded, rewards off)
brain   params  SL 2.47 ATR  RSI arm 52/48  impulse>=0.50
brain   loaded brains/USDCHF.json  DA n=5
risk  dynamic tape  spread/stop, ATR regime, London-NY liquidity, chase, heat  (same rules on every pair; stored pair risk_factors are not applied)
committee  cat-fuse  all live inverse-var mix → {tech, fly-trend, fly-fade} 2oo3   both BUY and SELL   parallel: flow-algo   fusion: Kalman+Bayes gate + fly-conf (native votes, abstain only)
pair-book  OFF (--no-pair-book)
snowball  on  add up to 2×55% of first lots  when fly-trend agrees, profit is past BE but not yet trailing, pullback from the extreme
martingale  on  ×1.20 after a scratch, ×1.28 cap; never after a full stop; freeze if DD/BANC/pair-admit
plastic  on  PAM/PPL dopamine × eligibility on readout + sensory gains (connectome W frozen)
BANC    female cluster net n=36  banc-clusters  risk voter mixed with MaleCNS ol_sensory+vnc_sensory  (full 188k edgelist needs CAVE_TOKEN)
sugar   native GRN lamp  23 cells  0.45×nice on the risk pass  (4k-era: eat every 2oo3, no skip/flatten; check sugar feed for the overlay)
rails   fly-trader kill 2.5% DD  (1.0% after snowball)  circuit 3 losses  pair-admit 2 trades / PF≥1.00 then full size
[2026-09-07 18:35] 0.80942  raw t=HOLD f=HOLD tech=HOLD  fused T=HOLD t=HOLD f=HOLD cf=HOLD  → HOLD no-tech  k=+0.29 RSI=50  BANC×1.00  sugar lamp feed 0.09  eq $100000.00
[2026-09-08 01:15] 0.80904  raw t=HOLD f=HOLD tech=HOLD  fused T=HOLD t=HOLD f=HOLD cf=HOLD  → HOLD no-tech  k=+0.10 RSI=48  BANC×1.00  sugar lamp feed 0.09  eq $100000.00
[2026-09-08 07:55] 0.81068  raw t=BUY  f=HOLD tech=HOLD  fused T=HOLD t=BUY  f=HOLD cf=BUY   → HOLD no-tech  k=+0.62 RSI=65  BANC×0.99  sugar lamp feed 0.25  eq $100000.00
[2026-09-08 14:35] 0.80868  raw t=SELL f=BUY  tech=HOLD  fused T=HOLD t=SELL f=BUY  cf=HOLD  → HOLD no-tech  k=-0.57 RSI=31  BANC×0.98  sugar lamp feed 0.25  eq $100000.00
[2026-09-08 21:15] 0.80849  raw t=HOLD f=HOLD tech=HOLD  fused T=HOLD t=HOLD f=HOLD cf=HOLD  → HOLD no-tech  k=+0.18 RSI=33  BANC×0.99  sugar lamp feed 0.25  eq $100000.00
[2026-09-09 03:55] 0.80894  raw t=HOLD f=HOLD tech=HOLD  fused T=HOLD t=HOLD f=HOLD cf=HOLD  → HOLD no-tech  k=+0.10 RSI=41  BANC×0.99  sugar lamp feed 0.25  eq $100000.00
[2026-09-09 07:00] SELL USDCHF 1.58 lots @ 0.80821  margin $1276.98  comm $5.53  bias-down  raw tech=SELL/bounce t=SELL f=BUY  fused T=SELL t=SELL f=BUY cf=HOLD@0.42 fam {} bias-down  conf 63%  bar 45%  cal P(win)=0.50  n=0  P(edge)=0.60  similar=0.50  TA=0.75  data-weight=0.00  1.58 lots  risk $157 (0.16% eq)  SL 8.0 pips  ~$156 if stopped  bayes P(edge)=0.60  p=0.42  R=2.38  ½K=0.039  scale=0.65  risk 0.65%  admit×0.60  tape×0.47  cost×0.63  vol×1.00  liq×0.75  chase×1.00  heat×1.00  (DOWN, k -0.63)  → OK|1060|PAPER
[2026-09-09 08:00] CLOSE SELL LOSS  1.58 lots  conf 63%  bar 45%  -4.2 pips  $-66.20  comm $11.06 slip $10.18 swap $0.00  snowball 0  (scalp scratch)
       → OK|1060
       adapt  bar 45%  cal P(win)=0.50  P(edge) floor 0.38  learn frozen
[2026-09-09 08:05] SELL USDCHF 1.36 lots @ 0.80863  margin $1099.74  comm $4.76  bias-down  raw tech=HOLD/hold t=SELL f=BUY  fused T=HOLD t=SELL f=BUY cf=HOLD@0.42 fam {} bias-down  conf 61%  bar 45%  cal P(win)=0.50  n=0  P(edge)=0.61  similar=0.50  TA=0.62  data-weight=0.00  1.36 lots  risk $135 (0.14% eq)  SL 8.0 pips  ~$135 if stopped  bayes P(edge)=0.60  p=0.42  R=2.38  ½K=0.041  scale=0.69  risk 0.69%  admit×0.60  tape×0.39  cost×0.61  vol×1.00  liq×0.90  chase×1.00  heat×0.70  (DOWN, k -0.39)  → OK|1061|PAPER
[2026-09-09 08:35] CLOSE SELL LOSS  1.36 lots  conf 60%  bar 45%  -8.3 pips  $-112.34  comm $9.52 slip $8.69 swap $0.00  snowball 0  (scalp scratch)
       → OK|1061
       adapt  bar 45%  cal P(win)=0.50  P(edge) floor 0.38  learn frozen
[2026-09-09 10:35] 0.80949  raw t=BUY  f=BUY  tech=HOLD  fused T=HOLD t=BUY  f=BUY  cf=BUY   → HOLD no-tech  k=+0.79 RSI=44  BANC×0.90  sugar lamp feed 0.27  eq $99821.46
[2026-09-09 17:15] 0.80969  raw t=HOLD f=HOLD tech=HOLD  fused T=HOLD t=HOLD f=HOLD cf=HOLD  → HOLD no-tech  k=+0.60 RSI=50  BANC×0.87  sugar lamp feed 0.27  eq $99821.46
[2026-09-09 23:55] 0.80990  raw t=HOLD f=HOLD tech=HOLD  fused T=HOLD t=HOLD f=HOLD cf=HOLD  → HOLD no-tech  k=+0.07 RSI=61  BANC×0.87  sugar lamp feed 0.27  eq $99821.46
[2026-09-10 06:35] 0.80871  raw t=HOLD f=HOLD tech=HOLD  fused T=HOLD t=HOLD f=HOLD cf=HOLD  → HOLD no-tech  k=-0.50 RSI=45  BANC×0.87  sugar lamp feed 0.27  eq $99821.46
[2026-09-10 08:40] BUY USDCHF 1.04 lots @ 0.81042  margin $842.84  comm $3.64  bias-up  raw tech=HOLD/hold t=BUY f=HOLD  fused T=HOLD t=BUY f=HOLD cf=BUY@0.40 fam {} bias-up  conf 57%  bar 45%  cal P(win)=0.50  n=0  P(edge)=0.60  similar=0.50  TA=0.46  data-weight=0.00  1.04 lots  risk $103 (0.10% eq)  SL 8.0 pips  ~$103 if stopped  bayes P(edge)=0.60  p=0.42  R=2.41  ½K=0.044  scale=0.73  risk 0.73%  admit×0.60  tape×0.28  cost×0.63  vol×1.00  liq×0.90  chase×1.00  heat×0.50  (UP, k +0.35)  → OK|1062|PAPER
[2026-09-10 09:45] CLOSE BUY WIN  1.04 lots  conf 57%  bar 45%  +0.9 pips  $+8.87  comm $7.28 slip $6.42 swap $0.00  snowball 0  (scalp scratch)
       → OK|1062
       adapt  bar 45%  cal P(win)=0.50  P(edge) floor 0.38  learn frozen
[2026-09-10 09:50] BUY USDCHF 1.50 lots @ 0.81088  margin $1216.32  comm $5.25  bias-up  raw tech=HOLD/hold t=BUY f=HOLD  fused T=HOLD t=BUY f=HOLD cf=HOLD@0.42 fam {} bias-up  conf 61%  bar 45%  cal P(win)=0.50  n=0  P(edge)=0.62  similar=0.50  TA=0.63  data-weight=0.00  1.50 lots  risk $149 (0.15% eq)  SL 8.0 pips  ~$148 if stopped  bayes P(edge)=0.59  p=0.42  R=2.33  ½K=0.036  scale=0.60  risk 0.60%  BANC×1.05  admit×0.60  tape×0.46  cost×0.51  vol×1.00  liq×0.90  chase×1.00  heat×1.00  (UP, k +0.74)  → OK|1063|PAPER
[2026-09-10 10:05] CLOSE BUY LOSS  1.50 lots  conf 61%  bar 45%  -12.0 pips  $-180.13  comm $10.50 slip $8.90 swap $0.00  snowball 0  (ATR stop)
       → OK|1063
       adapt  bar 45%  cal P(win)=0.50  P(edge) floor 0.38  learn frozen
[2026-09-10 10:30] BUY USDCHF 1.16 lots @ 0.81119  margin $940.98  comm $4.06  bias-up  raw tech=HOLD/hold t=BUY f=HOLD  fused T=HOLD t=BUY f=HOLD cf=BUY@0.40 fam {} bias-up  conf 61%  bar 45%  cal P(win)=0.50  n=0  P(edge)=0.60  similar=0.50  TA=0.62  data-weight=0.00  1.16 lots  risk $115 (0.12% eq)  SL 8.0 pips  ~$114 if stopped  bayes P(edge)=0.60  p=0.42  R=2.38  ½K=0.043  scale=0.72  risk 0.72%  admit×0.60  tape×0.31  cost×0.50  vol×1.00  liq×0.90  chase×1.00  heat×0.70  (UP, k +0.76)  → OK|1064|PAPER
[2026-09-10 11:30] CLOSE BUY LOSS  1.16 lots  conf 61%  bar 45%  -0.3 pips  $-3.49  comm $8.12 slip $7.09 swap $0.00  snowball 0  (scalp scratch)
       → OK|1064
       adapt  bar 45%  cal P(win)=0.50  P(edge) floor 0.38  learn frozen
[2026-09-10 13:15] 0.81364  raw t=BUY  f=HOLD tech=BUY   fused T=BUY  t=BUY  f=HOLD cf=BUY   → HOLD wide-spread-need-3oo3  k=+0.83 RSI=65  BANC×0.86  sugar lamp feed 0.27  eq $99646.72
[2026-09-10 19:55] 0.81289  raw t=HOLD f=HOLD tech=HOLD  fused T=HOLD t=HOLD f=HOLD cf=HOLD  → HOLD no-tech  k=+0.70 RSI=54  BANC×0.86  sugar lamp feed 0.27  eq $99646.72
[2026-09-11 02:35] 0.81371  raw t=HOLD f=HOLD tech=HOLD  fused T=HOLD t=HOLD f=HOLD cf=HOLD  → HOLD no-tech  k=+0.24 RSI=69  BANC×0.86  sugar lamp feed 0.27  eq $99646.72
[2026-09-11 08:10] BUY USDCHF 1.03 lots @ 0.81373  margin $838.14  comm $3.60  bias-up  raw tech=HOLD/hold t=BUY f=BUY  fused T=HOLD t=BUY f=BUY cf=BUY@0.40 fam {} bias-up  conf 60%  bar 45%  cal P(win)=0.50  n=0  P(edge)=0.61  similar=0.50  TA=0.58  data-weight=0.00  1.03 lots  risk $102 (0.10% eq)  SL 8.0 pips  ~$101 if stopped  bayes P(edge)=0.60  p=0.43  R=2.39  ½K=0.041  scale=0.69  risk 0.69%  BANC×1.05  admit×0.60  tape×0.28  cost×0.62  vol×1.00  liq×0.90  chase×1.00  heat×0.50  (UP, k +0.39)  → OK|1065|PAPER
[2026-09-11 09:15] 0.81470  raw t=BUY  f=HOLD tech=HOLD  fused T=HOLD t=BUY  f=HOLD cf=BUY   → HOLD no-tech  k=+0.67 RSI=73  BANC×1.03  sugar lamp feed 0.27  eq $99752.97
[2026-09-11 09:20] CLOSE BUY WIN  1.03 lots  conf 60%  bar 45%  +0.6 pips  $+6.37  comm $7.21 slip $7.44 swap $0.00  snowball 0  (scalp scratch)
       → OK|1065
       adapt  bar 45%  cal P(win)=0.50  P(edge) floor 0.38  learn frozen
[2026-09-11 09:25] BUY USDCHF 1.48 lots @ 0.81479  margin $1205.89  comm $5.18  bias-up  raw tech=HOLD/hold t=BUY f=HOLD  fused T=HOLD t=BUY f=HOLD cf=BUY@0.40 fam {} bias-up  conf 61%  bar 45%  cal P(win)=0.50  n=0  P(edge)=0.58  similar=0.50  TA=0.65  data-weight=0.00  1.48 lots  risk $195 (0.20% eq)  SL 10.7 pips  ~$194 if stopped  bayes P(edge)=0.62  p=0.43  R=2.44  ½K=0.048  scale=0.82  risk 0.82%  BANC×1.02  admit×0.60  tape×0.46  cost×0.65  vol×0.78  liq×0.90  chase×1.00  heat×1.00  (UP, k +0.70)  → OK|1066|PAPER
[2026-09-11 11:50] CLOSE BUY WIN  1.48 lots  conf 61%  bar 45%  +2.0 pips  $+28.90  comm $10.36 slip $10.13 swap $0.00  snowball 0  (scalp scratch)
       → OK|1066
       adapt  bar 45%  cal P(win)=0.50  P(edge) floor 0.38  learn frozen
[2026-09-11 11:55] BUY USDCHF 2.38 lots @ 0.81533  margin $1940.48  comm $8.33  3oo3+flow size×1.24  conf 66%  raw tech=BUY/bounce t=BUY f=BUY  fused T=BUY t=BUY f=BUY cf=BUY@0.32 fam {} 3oo3+flow  conf 66%  bar 45%  cal P(win)=0.50  n=0  P(edge)=0.61  similar=0.50  TA=0.86  data-weight=0.00  2.38 lots  risk $235 (0.24% eq)  SL 8.0 pips  ~$234 if stopped  bayes P(edge)=0.60  p=0.42  R=2.35  ½K=0.043  scale=0.72  risk 0.72%  BANC×1.05  admit×0.60  tape×0.41  cost×0.51  vol×1.00  liq×0.90  chase×0.90  heat×1.00  (UP, k +0.82)  → OK|1067|PAPER
[2026-09-11 12:25] CLOSE BUY LOSS  2.38 lots  conf 66%  bar 45%  -11.5 pips  $-274.15  comm $16.66 slip $16.74 swap $0.00  snowball 0  (ATR stop)
       → OK|1067
       adapt  bar 45%  cal P(win)=0.50  P(edge) floor 0.38  learn frozen
[2026-09-11 15:55] 0.81590  raw t=BUY  f=BUY  tech=HOLD  fused T=HOLD t=BUY  f=BUY  cf=HOLD  → HOLD no-tech  k=+0.38 RSI=61  BANC×0.98  sugar lamp feed 0.27  eq $99407.83
[2026-09-14 00:30] 0.81708  raw t=HOLD f=HOLD tech=HOLD  fused T=HOLD t=HOLD f=HOLD cf=HOLD  → HOLD no-tech  k=+0.46 RSI=60  BANC×0.98  sugar lamp feed 0.27  eq $99407.83
[2026-09-14 07:00] BUY USDCHF 1.05 lots @ 0.81887  margin $859.81  comm $3.68  bias-up  raw tech=HOLD/hold t=BUY f=HOLD  fused T=HOLD t=BUY f=HOLD cf=BUY@0.40 fam {} bias-up  conf 61%  bar 45%  cal P(win)=0.50  n=0  P(edge)=0.62  similar=0.50  TA=0.61  data-weight=0.00  1.05 lots  risk $103 (0.10% eq)  SL 8.0 pips  ~$103 if stopped  bayes P(edge)=0.59  p=0.42  R=2.20  ½K=0.036  scale=0.59  risk 0.59%  BANC×1.05  admit×0.60  tape×0.33  cost×0.62  vol×1.00  liq×0.75  chase×1.00  heat×0.70  (UP, k +0.63)  → OK|1068|PAPER
[2026-09-14 07:10] 0.81867  raw t=BUY  f=HOLD tech=HOLD  fused T=HOLD t=BUY  f=HOLD cf=BUY   → HOLD no-tech  k=+0.65 RSI=57  BANC×1.04  sugar lamp feed 0.27  eq $99368.77
[2026-09-14 08:00] CLOSE BUY LOSS  1.05 lots  conf 61%  bar 45%  -4.3 pips  $-44.67  comm $7.35 slip $6.54 swap $0.00  snowball 0  (scalp scratch)
       → OK|1068
       adapt  bar 45%  cal P(win)=0.50  P(edge) floor 0.38  learn frozen
[2026-09-14 08:05] BUY USDCHF 1.29 lots @ 0.81884  margin $1056.31  comm $4.52  3oo3+flow size×1.20  conf 63%  raw tech=BUY/bounce t=BUY f=BUY  fused T=BUY t=BUY f=BUY cf=BUY@0.32 fam {} 3oo3+flow  conf 63%  bar 45%  cal P(win)=0.50  n=0  P(edge)=0.59  similar=0.50  TA=0.74  data-weight=0.00  1.29 lots  risk $127 (0.13% eq)  SL 8.0 pips  ~$126 if stopped  bayes P(edge)=0.60  p=0.42  R=2.47  ½K=0.038  scale=0.63  risk 0.63%  admit×0.60  tape×0.28  cost×0.63  vol×1.00  liq×0.90  chase×1.00  heat×0.50  (UP, k +0.67)  → OK|1069|PAPER
[2026-09-14 09:05] CLOSE BUY LOSS  1.29 lots  conf 63%  bar 45%  -5.0 pips  $-64.60  comm $9.03 slip $7.66 swap $0.00  snowball 0  (scalp scratch)
       → OK|1069
       rails  circuit  3 losses → pause 12 bars
       adapt  bar 45%  cal P(win)=0.50  P(edge) floor 0.38  learn frozen
[2026-09-14 13:50] 0.81863  raw t=BUY  f=BUY  tech=HOLD  fused T=HOLD t=BUY  f=BUY  cf=BUY   → HOLD no-tech  k=+0.39 RSI=65  BANC×0.88  sugar lamp feed 0.27  eq $99298.56
[2026-09-14 20:30] 0.81758  raw t=HOLD f=HOLD tech=HOLD  fused T=HOLD t=HOLD f=HOLD cf=HOLD  → HOLD no-tech  k=+0.42 RSI=77  BANC×0.88  sugar lamp feed 0.27  eq $99298.56
[2026-09-15 03:10] 0.81804  raw t=HOLD f=HOLD tech=HOLD  fused T=HOLD t=HOLD f=HOLD cf=HOLD  → HOLD no-tech  k=+0.74 RSI=57  BANC×0.88  sugar lamp feed 0.27  eq $99298.56
[2026-09-15 07:00] BUY USDCHF 1.00 lots @ 0.81774  margin $817.74  comm $3.50  bias-up  raw tech=HOLD/hold t=BUY f=BUY  fused T=HOLD t=BUY f=BUY cf=BUY@0.40 fam {} bias-up  conf 61%  bar 45%  cal P(win)=0.50  n=0  P(edge)=0.60  similar=0.50  TA=0.64  data-weight=0.00  1.00 lots  risk $98 (0.10% eq)  SL 8.0 pips  ~$98 if stopped  bayes P(edge)=0.61  p=0.43  R=2.34  ½K=0.047  scale=0.79  risk 0.79%  admit×0.60  tape×0.25  cost×0.62  vol×1.00  liq×0.75  chase×1.00  heat×0.35  (UP, k +0.42)  → OK|1070|PAPER
[2026-09-15 07:30] CLOSE BUY LOSS  1.00 lots  conf 61%  bar 45%  -4.4 pips  $-43.70  comm $7.00 slip $6.12 swap $0.00  snowball 0  (scalp scratch)
       → OK|1070
       rails  circuit  4 losses → pause 12 bars
       adapt  bar 45%  cal P(win)=0.50  P(edge) floor 0.38  learn frozen
[2026-09-15 09:50] 0.81777  raw t=HOLD f=HOLD tech=HOLD  fused T=HOLD t=HOLD f=HOLD cf=HOLD  → HOLD no-tech  k=+0.14 RSI=53  BANC×1.00  sugar lamp feed 0.27  eq $99254.86
[2026-09-15 11:25] BUY USDCHF 0.94 lots @ 0.81803  margin $768.95  comm $3.29  bias-up  raw tech=HOLD/hold t=BUY f=HOLD  fused T=HOLD t=BUY f=HOLD cf=HOLD@0.42 fam {} bias-up  conf 62%  bar 45%  cal P(win)=0.50  n=0  P(edge)=0.61  similar=0.50  TA=0.68  data-weight=0.00  0.94 lots  risk $92 (0.09% eq)  SL 8.0 pips  ~$92 if stopped  bayes P(edge)=0.61  p=0.42  R=2.45  ½K=0.045  scale=0.75  risk 0.75%  BANC×0.97  admit×0.60  tape×0.25  cost×0.51  vol×1.00  liq×0.90  chase×1.00  heat×0.35  (UP, k +0.55)  → OK|1071|PAPER
[2026-09-15 12:25] CLOSE BUY WIN  0.94 lots  conf 62%  bar 45%  +0.6 pips  $+5.69  comm $6.58 slip $5.65 swap $0.00  snowball 0  (scalp scratch)
       → OK|1071
       adapt  bar 45%  cal P(win)=0.50  P(edge) floor 0.38  learn frozen
[2026-09-15 12:30] BUY USDCHF 2.31 lots @ 0.81814  margin $1889.89  comm $8.09  bias-up  raw tech=HOLD/hold t=BUY f=HOLD  fused T=HOLD t=BUY f=HOLD cf=BUY@0.40 fam {} bias-up  conf 63%  bar 45%  cal P(win)=0.50  n=0  P(edge)=0.61  similar=0.50  TA=0.73  data-weight=0.00  2.31 lots  risk $227 (0.23% eq)  SL 8.0 pips  ~$226 if stopped  bayes P(edge)=0.61  p=0.42  R=2.30  ½K=0.044  scale=0.74  risk 0.74%  BANC×0.97  admit×0.60  tape×0.62  cost×0.62  vol×1.00  liq×1.00  chase×1.00  heat×1.00  (UP, k +0.61)  → OK|1072|PAPER
[2026-09-15 13:45] CLOSE BUY LOSS  2.31 lots  conf 63%  bar 45%  -3.3 pips  $-76.41  comm $16.17 slip $15.05 swap $0.00  snowball 0  (scalp scratch)
       → OK|1072
       adapt  bar 45%  cal P(win)=0.50  P(edge) floor 0.38  learn frozen
[2026-09-15 16:30] 0.81887  raw t=HOLD f=HOLD tech=HOLD  fused T=HOLD t=HOLD f=HOLD cf=HOLD  → HOLD no-tech  k=+0.44 RSI=47  BANC×0.90  sugar lamp feed 0.27  eq $99184.15
[2026-09-15 23:10] 0.81897  raw t=HOLD f=HOLD tech=HOLD  fused T=HOLD t=HOLD f=HOLD cf=HOLD  → HOLD no-tech  k=+0.28 RSI=62  BANC×0.90  sugar lamp feed 0.27  eq $99184.15
[2026-09-16 05:50] 0.81828  raw t=HOLD f=HOLD tech=HOLD  fused T=HOLD t=HOLD f=HOLD cf=HOLD  → HOLD no-tech  k=-0.51 RSI=33  BANC×0.90  sugar lamp feed 0.27  eq $99184.15
[2026-09-16 07:00] SELL USDCHF 1.12 lots @ 0.81833  margin $916.53  comm $3.92  bias-down  raw tech=HOLD/hold t=SELL f=BUY  fused T=HOLD t=SELL f=BUY cf=HOLD@0.42 fam {} bias-down  conf 63%  bar 45%  cal P(win)=0.50  n=0  P(edge)=0.58  similar=0.50  TA=0.75  data-weight=0.00  1.12 lots  risk $110 (0.11% eq)  SL 8.0 pips  ~$109 if stopped  bayes P(edge)=0.60  p=0.42  R=2.37  ½K=0.040  scale=0.67  risk 0.67%  admit×0.60  tape×0.33  cost×0.62  vol×1.00  liq×0.75  chase×1.00  heat×0.70  (DOWN, k -0.52)  → OK|1073|PAPER
[2026-09-16 07:30] CLOSE SELL LOSS  1.12 lots  conf 63%  bar 45%  -5.5 pips  $-61.52  comm $7.84 slip $7.16 swap $0.00  snowball 0  (scalp scratch)
       → OK|1073
       adapt  bar 45%  cal P(win)=0.50  P(edge) floor 0.38  learn frozen
[2026-09-16 12:30] 0.81878  raw t=HOLD f=HOLD tech=HOLD  fused T=HOLD t=HOLD f=HOLD cf=HOLD  → HOLD no-tech  k=+0.19 RSI=45  BANC×0.97  sugar lamp feed 0.27  eq $99122.63
[2026-09-16 19:10] 0.82473  raw t=HOLD f=HOLD tech=HOLD  fused T=HOLD t=HOLD f=HOLD cf=HOLD  → HOLD no-tech  k=+0.70 RSI=75  BANC×0.97  sugar lamp feed 0.27  eq $99122.63
[2026-09-17 01:50] 0.82566  raw t=HOLD f=HOLD tech=HOLD  fused T=HOLD t=HOLD f=HOLD cf=HOLD  → HOLD no-tech  k=+0.48 RSI=52  BANC×0.97  sugar lamp feed 0.27  eq $99122.63
[2026-09-17 08:30] 0.82523  raw t=HOLD f=HOLD tech=HOLD  fused T=HOLD t=HOLD f=HOLD cf=HOLD  → HOLD no-tech  k=+0.07 RSI=53  BANC×1.03  sugar lamp feed 0.27  eq $99122.63
[2026-09-17 09:20] BUY USDCHF 0.97 lots @ 0.82567  margin $800.90  comm $3.40  bias-up  raw tech=HOLD/hold t=BUY f=BUY  fused T=HOLD t=BUY f=BUY cf=BUY@0.40 fam {} bias-up  conf 59%  bar 45%  cal P(win)=0.50  n=0  P(edge)=0.59  similar=0.50  TA=0.57  data-weight=0.00  0.97 lots  risk $94 (0.10% eq)  SL 8.0 pips  ~$94 if stopped  bayes P(edge)=0.62  p=0.42  R=2.36  ½K=0.043  scale=0.72  risk 0.72%  BANC×1.03  admit×0.60  tape×0.25  cost×0.51  vol×1.00  liq×0.90  chase×1.00  heat×0.50  (UP, k +0.37)  → OK|1074|PAPER
[2026-09-17 10:20] CLOSE BUY LOSS  0.97 lots  conf 59%  bar 45%  -5.9 pips  $-56.99  comm $6.79 slip $5.78 swap $0.00  snowball 0  (scalp scratch)
       → OK|1074
       rails  circuit  3 losses → pause 12 bars
       adapt  bar 45%  cal P(win)=0.50  P(edge) floor 0.38  learn frozen
[2026-09-17 10:25] skip BUY: circuit pause 11 bars
[2026-09-17 10:30] skip BUY: circuit pause 10 bars
[2026-09-17 10:40] skip BUY: circuit pause 8 bars
[2026-09-17 13:15] SELL USDCHF 0.71 lots @ 0.82354  margin $584.72  comm $2.48  bias-down  raw tech=HOLD/hold t=SELL f=BUY  fused T=HOLD t=SELL f=BUY cf=BUY@0.40 fam {} bias-down  conf 60%  bar 45%  cal P(win)=0.50  n=0  P(edge)=0.60  similar=0.50  TA=0.59  data-weight=0.00  0.71 lots  risk $100 (0.10% eq)  SL 11.5 pips  ~$99 if stopped  bayes P(edge)=0.61  p=0.42  R=2.44  ½K=0.045  scale=0.75  risk 0.75%  BANC×0.94  admit×0.60  tape×0.28  cost×0.79  vol×1.00  liq×1.00  chase×1.00  heat×0.35  (DOWN, k -0.44)  → OK|1075|PAPER
[2026-09-17 14:25] CLOSE SELL LOSS  0.71 lots  conf 60%  bar 45%  -1.7 pips  $-11.95  comm $4.97 slip $4.40 swap $0.00  snowball 0  (scalp scratch)
       → OK|1075
       rails  circuit  4 losses → pause 12 bars
       adapt  bar 45%  cal P(win)=0.50  P(edge) floor 0.38  learn frozen
[2026-09-17 15:10] 0.82385  raw t=SELL f=BUY  tech=HOLD  fused T=HOLD t=SELL f=BUY  cf=SELL  → HOLD no-tech  k=-0.57 RSI=54  BANC×0.88  sugar lamp feed 0.27  eq $99053.68
[2026-09-17 21:50] 0.82382  raw t=HOLD f=HOLD tech=HOLD  fused T=HOLD t=HOLD f=HOLD cf=HOLD  → HOLD no-tech  k=-0.28 RSI=43  BANC×0.88  sugar lamp feed 0.27  eq $99053.68
[2026-09-18 04:30] 0.82293  raw t=HOLD f=HOLD tech=HOLD  fused T=HOLD t=HOLD f=HOLD cf=HOLD  → HOLD no-tech  k=-0.50 RSI=30  BANC×0.88  sugar lamp feed 0.27  eq $99053.68
[2026-09-18 07:10] BUY USDCHF 0.83 lots @ 0.82491  margin $684.67  comm $2.91  bias-up  raw tech=HOLD/hold t=BUY f=BUY  fused T=HOLD t=BUY f=BUY cf=BUY@0.40 fam {} bias-up  conf 59%  bar 45%  cal P(win)=0.50  n=0  P(edge)=0.61  similar=0.50  TA=0.52  data-weight=0.00  0.83 lots  risk $81 (0.08% eq)  SL 8.0 pips  ~$81 if stopped  bayes P(edge)=0.59  p=0.42  R=2.38  ½K=0.037  scale=0.61  risk 0.61%  BANC×1.04  admit×0.60  tape×0.25  cost×0.61  vol×1.00  liq×0.75  chase×1.00  heat×0.35  (UP, k +0.37)  → OK|1076|PAPER
[2026-09-18 08:10] CLOSE BUY LOSS  0.83 lots  conf 58%  bar 45%  -9.6 pips  $-79.78  comm $5.81 slip $5.50 swap $0.00  snowball 0  (scalp scratch)
       → OK|1076
       rails  circuit  5 losses → pause 12 bars
       adapt  bar 45%  cal P(win)=0.50  P(edge) floor 0.38  learn frozen
[2026-09-18 08:15] skip BUY: circuit pause 11 bars
[2026-09-18 08:20] skip BUY: circuit pause 10 bars
[2026-09-18 08:30] skip BUY: circuit pause 8 bars
[2026-09-18 09:00] skip BUY: circuit pause 2 bars
[2026-09-18 09:40] BUY USDCHF 0.88 lots @ 0.82501  margin $726.01  comm $3.08  bias-up  raw tech=HOLD/hold t=BUY f=HOLD  fused T=HOLD t=BUY f=HOLD cf=BUY@0.40 fam {} bias-up  conf 59%  bar 45%  cal P(win)=0.50  n=0  P(edge)=0.59  similar=0.50  TA=0.58  data-weight=0.00  0.88 lots  risk $86 (0.09% eq)  SL 8.0 pips  ~$85 if stopped  bayes P(edge)=0.60  p=0.42  R=2.44  ½K=0.042  scale=0.70  risk 0.70%  BANC×0.96  admit×0.60  tape×0.25  cost×0.50  vol×1.00  liq×0.90  chase×1.00  heat×0.35  (UP, k +0.44)  → OK|1077|PAPER
[2026-09-18 10:45] CLOSE BUY WIN  0.88 lots  conf 59%  bar 45%  +1.1 pips  $+9.97  comm $6.16 slip $5.41 swap $0.00  snowball 0  (scalp scratch)
       → OK|1077
       adapt  bar 45%  cal P(win)=0.50  P(edge) floor 0.38  learn frozen
[2026-09-18 10:50] BUY USDCHF 1.29 lots @ 0.82526  margin $1064.59  comm $4.52  bias-up  raw tech=HOLD/hold t=BUY f=HOLD  fused T=HOLD t=BUY f=HOLD cf=BUY@0.40 fam {} bias-up  conf 59%  bar 45%  cal P(win)=0.50  n=0  P(edge)=0.59  similar=0.50  TA=0.57  data-weight=0.00  1.29 lots  risk $125 (0.13% eq)  SL 8.0 pips  ~$125 if stopped  bayes P(edge)=0.59  p=0.41  R=2.34  ½K=0.034  scale=0.57  risk 0.57%  BANC×0.96  admit×0.60  tape×0.45  cost×0.50  vol×1.00  liq×0.90  chase×1.00  heat×1.00  (UP, k +0.44)  → OK|1078|PAPER
[2026-09-18 11:10] 0.82489  raw t=BUY  f=BUY  tech=HOLD  fused T=HOLD t=BUY  f=BUY  cf=BUY   → HOLD no-tech  k=+0.44 RSI=50  BANC×0.95  sugar lamp feed 0.27  eq $98905.27
[2026-09-18 11:55] CLOSE BUY WIN  1.29 lots  conf 59%  bar 45%  +0.5 pips  $+6.53  comm $9.03 slip $8.20 swap $0.00  snowball 0  (scalp scratch)
       → OK|1078
       adapt  bar 45%  cal P(win)=0.50  P(edge) floor 0.38  learn frozen
[2026-09-18 17:50] 0.82211  raw t=HOLD f=HOLD tech=HOLD  fused T=HOLD t=HOLD f=HOLD cf=HOLD  → HOLD no-tech  k=-0.82 RSI=32  BANC×0.95  sugar lamp feed 0.27  eq $98990.41
[2026-09-21 02:30] 0.82263  raw t=HOLD f=HOLD tech=HOLD  fused T=HOLD t=HOLD f=HOLD cf=HOLD  → HOLD no-tech  k=+0.20 RSI=61  BANC×0.95  sugar lamp feed 0.27  eq $98990.41
[2026-09-21 07:50] skip BUY: day bias DOWN
[2026-09-21 09:10] 0.82293  raw t=HOLD f=HOLD tech=HOLD  fused T=HOLD t=HOLD f=HOLD cf=HOLD  → HOLD no-tech  k=+0.16 RSI=47  BANC×1.05  sugar lamp feed 0.27  eq $98990.41
[2026-09-21 11:40] skip SELL: cost/stop 0.42 (need <=0.40)
[2026-09-21 12:20] SELL USDCHF 2.59 lots @ 0.82139  margin $2127.41  comm $9.06  bias-down  raw tech=HOLD/hold t=SELL f=BUY  fused T=HOLD t=SELL f=BUY cf=HOLD@0.42 fam {} bias-down  conf 64%  bar 45%  cal P(win)=0.50  n=0  P(edge)=0.59  similar=0.50  TA=0.79  data-weight=0.00  2.59 lots  risk $268 (0.27% eq)  SL 8.5 pips  ~$268 if stopped  bayes P(edge)=0.62  p=0.42  R=2.38  ½K=0.046  scale=0.78  risk 0.78%  BANC×1.03  admit×0.60  tape×0.66  cost×0.66  vol×1.00  liq×1.00  chase×1.00  heat×1.00  (DOWN, k -0.74)  → OK|1079|PAPER
[2026-09-21 13:20] CLOSE SELL LOSS  2.59 lots  conf 64%  bar 45%  -6.2 pips  $-159.73  comm $18.13 slip $15.54 swap $0.00  snowball 0  (scalp scratch)
       → OK|1079
       adapt  bar 45%  cal P(win)=0.50  P(edge) floor 0.38  learn frozen
[2026-09-21 13:25] SELL USDCHF 1.36 lots @ 0.82144  margin $1117.16  comm $4.76  bias-down  raw tech=SELL/bounce t=SELL f=BUY  fused T=SELL t=SELL f=BUY cf=HOLD@0.42 fam {} bias-down  conf 63%  bar 45%  cal P(win)=0.50  n=0  P(edge)=0.62  similar=0.50  TA=0.70  data-weight=0.00  1.36 lots  risk $142 (0.14% eq)  SL 8.5 pips  ~$141 if stopped  bayes P(edge)=0.59  p=0.42  R=2.38  ½K=0.037  scale=0.61  risk 0.61%  admit×0.60  tape×0.46  cost×0.66  vol×1.00  liq×1.00  chase×1.00  heat×0.70  (DOWN, k -0.62)  → OK|1080|PAPER
[2026-09-21 13:50] CLOSE SELL LOSS  1.36 lots  conf 63%  bar 45%  -14.0 pips  $-190.35  comm $9.52 slip $8.85 swap $0.00  snowball 0  (ATR stop)
       → OK|1080
       adapt  bar 45%  cal P(win)=0.50  P(edge) floor 0.38  learn frozen
[2026-09-21 15:50] 0.82140  raw t=SELL f=HOLD tech=HOLD  fused T=HOLD t=SELL f=HOLD cf=BUY   → HOLD no-tech  k=-0.36 RSI=52  BANC×0.88  sugar lamp feed 0.27  eq $98640.33
[2026-09-21 22:30] 0.82091  raw t=HOLD f=HOLD tech=HOLD  fused T=HOLD t=HOLD f=HOLD cf=HOLD  → HOLD no-tech  k=-0.40 RSI=53  BANC×0.89  sugar lamp feed 0.27  eq $98640.33
[2026-09-22 05:10] 0.82009  raw t=HOLD f=HOLD tech=HOLD  fused T=HOLD t=HOLD f=HOLD cf=HOLD  → HOLD no-tech  k=-0.71 RSI=38  BANC×0.89  sugar lamp feed 0.27  eq $98640.33
[2026-09-22 08:10] BUY USDCHF 0.99 lots @ 0.82208  margin $813.86  comm $3.46  bias-up  raw tech=HOLD/hold t=BUY f=HOLD  fused T=HOLD t=BUY f=HOLD cf=BUY@0.40 fam {} bias-up  conf 58%  bar 45%  cal P(win)=0.50  n=0  P(edge)=0.62  similar=0.50  TA=0.46  data-weight=0.00  0.99 lots  risk $99 (0.10% eq)  SL 8.2 pips  ~$99 if stopped  bayes P(edge)=0.60  p=0.42  R=2.42  ½K=0.041  scale=0.69  risk 0.69%  BANC×0.97  admit×0.60  tape×0.29  cost×0.65  vol×1.00  liq×0.90  chase×1.00  heat×0.50  (UP, k +0.35)  → OK|1081|PAPER
[2026-09-22 08:40] CLOSE BUY LOSS  0.99 lots  conf 58%  bar 45%  -15.5 pips  $-153.36  comm $6.93 slip $6.55 swap $0.00  snowball 0  (ATR stop)
       → OK|1081
       rails  circuit  3 losses → pause 12 bars
       adapt  bar 45%  cal P(win)=0.50  P(edge) floor 0.38  learn frozen
[2026-09-22 09:00] skip BUY: circuit pause 8 bars
[2026-09-22 10:35] SELL USDCHF 0.48 lots @ 0.81856  margin $392.91  comm $1.68  bias-down  raw tech=HOLD/hold t=SELL f=BUY  fused T=HOLD t=SELL f=BUY cf=BUY@0.40 fam {} bias-down  conf 59%  bar 45%  cal P(win)=0.50  n=0  P(edge)=0.62  similar=0.50  TA=0.55  data-weight=0.00  0.48 lots  risk $80 (0.08% eq)  SL 13.4 pips  ~$79 if stopped  bayes P(edge)=0.60  p=0.42  R=2.28  ½K=0.041  scale=0.69  risk 0.69%  BANC×0.92  admit×0.60  tape×0.25  cost×0.78  vol×1.00  liq×0.90  chase×1.00  heat×0.35  (DOWN, k -0.39)  → OK|1082|PAPER
[2026-09-22 11:35] CLOSE SELL LOSS  0.48 lots  conf 59%  bar 45%  -12.6 pips  $-60.53  comm $3.36 slip $2.81 swap $0.00  snowball 0  (scalp scratch)
       → OK|1082
       rails  circuit  4 losses → pause 12 bars
       adapt  bar 45%  cal P(win)=0.50  P(edge) floor 0.38  learn frozen
[2026-09-22 11:50] 0.81938  raw t=SELL f=BUY  tech=HOLD  fused T=HOLD t=SELL f=BUY  cf=SELL  → HOLD no-tech  k=-0.62 RSI=50  BANC×0.88  sugar lamp feed 0.27  eq $98426.44
[2026-09-22 18:30] 0.82111  raw t=HOLD f=HOLD tech=HOLD  fused T=HOLD t=HOLD f=HOLD cf=HOLD  → HOLD no-tech  k=+0.43 RSI=44  BANC×0.89  sugar lamp feed 0.27  eq $98426.44
[2026-09-23 01:10] 0.82092  raw t=HOLD f=HOLD tech=HOLD  fused T=HOLD t=HOLD f=HOLD cf=HOLD  → HOLD no-tech  k=+0.52 RSI=58  BANC×0.89  sugar lamp feed 0.27  eq $98426.44
adapt  saved C:\Workspace\FlyFOREXTrader\reports\adapt_payoff_USDCHF.json  bar 45%  skips 0  SL 2.47  TP 12.0  impulse>=0.50  RSI 52/48

──────── trade report (costs included) ────────
  # side   lots  conf    entry     exit    pips        USD  reason
  1 SELL   1.58    63  0.80821  0.80850    -4.2     -66.20  scalp scratch
  2 SELL   1.36    60  0.80863  0.80924    -8.3    -112.34  scalp scratch
  3 BUY    1.04    57  0.81042  0.81055    +0.9      +8.87  scalp scratch
  4 BUY    1.50    61  0.81088  0.80996   -12.0    -180.13  ATR stop
  5 BUY    1.16    61  0.81119  0.81122    -0.3      -3.49  scalp scratch
  6 BUY    1.03    60  0.81373  0.81383    +0.6      +6.37  scalp scratch
  7 BUY    1.48    61  0.81479  0.81501    +2.0     +28.90  scalp scratch
  8 BUY    2.38    66  0.81533  0.81445   -11.5    -274.15  ATR stop
  9 BUY    1.05    61  0.81887  0.81857    -4.3     -44.67  scalp scratch
 10 BUY    1.29    63  0.81884  0.81849    -5.0     -64.60  scalp scratch
 11 BUY    1.00    61  0.81774  0.81744    -4.4     -43.70  scalp scratch
 12 BUY    0.94    62  0.81803  0.81814    +0.6      +5.69  scalp scratch
 13 BUY    2.31    63  0.81814  0.81792    -3.3     -76.41  scalp scratch
 14 SELL   1.12    63  0.81833  0.81873    -5.5     -61.52  scalp scratch
 15 BUY    0.97    59  0.82567  0.82524    -5.9     -56.99  scalp scratch
 16 SELL   0.71    60  0.82354  0.82363    -1.7     -11.95  scalp scratch
 17 BUY    0.83    58  0.82491  0.82417    -9.6     -79.78  scalp scratch
 18 BUY    0.88    59  0.82501  0.82516    +1.1      +9.97  scalp scratch
 19 BUY    1.29    59  0.82526  0.82536    +0.5      +6.53  scalp scratch
 20 SELL   2.59    64  0.82139  0.82184    -6.2    -159.73  scalp scratch
 21 SELL   1.36    63  0.82144  0.82254   -14.0    -190.35  ATR stop
 22 BUY    0.99    58  0.82208  0.82087   -15.5    -153.36  ATR stop
 23 SELL   0.48    59  0.81856  0.81954   -12.6     -60.53  scalp scratch
──────────────────────────────────────────────
23 trades  6W/17L  win rate 26%  net -118.6 pips  net $-1573.57
costs  spread≈$639.55  commission=$205.38  slippage=$186.81  swap=$0.00
account  start $100,000.00  balance $98,426.44  equity $98,426.44  margin $0.00  free $98,426.44  level n/a
leverage 1:100  rejected 0  stop-outs 0  avg 1.28 lots  return -1.574%
confidence  high>=60 2/15 (13%)  low<60 4/8 (50%)  (should separate as n grows)
plausibility  bar 45% -> 45%  mean cal P(win) 0.50
tax  model=no tax due on a net loss; the loss may carry forward depending on local rules  estimated due $0.00  after-tax $-1,573.57  effective 0.0%
      estimate only - not tax advice; set --tax-rate / --tax-model for your jurisdiction
saved C:\Workspace\FlyFOREXTrader\reports\trades-USDCHF-20260922-235821.csv
evo     missing  brains/AUDUSD.evo.json — Train DA with evolve, or uncheck use evolved
sim account $100,000  leverage 1:100  commission $7.00/lot RT  slip 0.2 pip  spread 0.00014  quote USD
sizing  1.00% of equity per trade, scaled by Bayesian half-Kelly  lot 0.01-20.00  margin cap 25% of free
risk-tol  balanced  factory geometry  risk-factor exits off
adapt  reset C:\Workspace\FlyFOREXTrader\reports\adapt_payoff_AUDUSD.json
confidence  plausibility bar starts 45% (base 45%; evolves with calibration)
params  SL 2.40 ATR  TP 12.0 ATR  trail 3.20/1.80  RSI arm 52/48  min |impulse| 0.50
tax  24.0%  model=ordinary  (estimate at report time)
learn  frozen for this replay (traces loaded, rewards off)
brain   params  SL 2.45 ATR  RSI arm 52/48  impulse>=0.50
brain   loaded brains/AUDUSD.json  DA n=6
risk  dynamic tape  spread/stop, ATR regime, London-NY liquidity, chase, heat  (same rules on every pair; stored pair risk_factors are not applied)
committee  cat-fuse  all live inverse-var mix → {tech, fly-trend, fly-fade} 2oo3   both BUY and SELL   parallel: flow-algo   fusion: Kalman+Bayes gate + fly-conf (native votes, abstain only)
pair-book  OFF (--no-pair-book)
snowball  on  add up to 2×55% of first lots  when fly-trend agrees, profit is past BE but not yet trailing, pullback from the extreme
martingale  on  ×1.20 after a scratch, ×1.28 cap; never after a full stop; freeze if DD/BANC/pair-admit
plastic  on  PAM/PPL dopamine × eligibility on readout + sensory gains (connectome W frozen)
BANC    female cluster net n=36  banc-clusters  risk voter mixed with MaleCNS ol_sensory+vnc_sensory  (full 188k edgelist needs CAVE_TOKEN)
sugar   native GRN lamp  23 cells  0.45×nice on the risk pass  (4k-era: eat every 2oo3, no skip/flatten; check sugar feed for the overlay)
rails   fly-trader kill 2.5% DD  (1.0% after snowball)  circuit 3 losses  pair-admit 2 trades / PF≥1.00 then full size
[2026-09-07 18:40] 0.72207  raw t=HOLD f=HOLD tech=HOLD  fused T=HOLD t=HOLD f=HOLD cf=HOLD  → HOLD no-tech  k=+0.24 RSI=50  BANC×1.00  sugar lamp feed 0.09  eq $100000.00
[2026-09-08 01:20] 0.72202  raw t=HOLD f=HOLD tech=HOLD  fused T=HOLD t=HOLD f=HOLD cf=HOLD  → HOLD no-tech  k=-0.09 RSI=48  BANC×1.05  sugar lamp feed 0.26  eq $100000.00
[2026-09-08 08:00] 0.72134  raw t=HOLD f=HOLD tech=HOLD  fused T=HOLD t=HOLD f=HOLD cf=HOLD  → HOLD no-tech  k=-0.20 RSI=44  BANC×1.04  sugar lamp feed 0.25  eq $100000.00
[2026-09-08 14:40] 0.72322  raw t=BUY  f=SELL tech=BUY   fused T=BUY  t=BUY  f=SELL cf=BUY   → HOLD veto SELL (t=BUY f=SELL tech=BUY)  k=+0.82 RSI=66  BANC×1.04  sugar lamp feed 0.25  eq $100000.00
[2026-09-08 21:20] 0.72228  raw t=HOLD f=HOLD tech=HOLD  fused T=HOLD t=HOLD f=HOLD cf=HOLD  → HOLD no-tech  k=-0.27 RSI=59  BANC×1.04  sugar lamp feed 0.25  eq $100000.00
[2026-09-09 04:00] 0.72270  raw t=HOLD f=HOLD tech=HOLD  fused T=HOLD t=HOLD f=HOLD cf=HOLD  → HOLD no-tech  k=+0.32 RSI=56  BANC×1.05  sugar lamp feed 0.25  eq $100000.00
[2026-09-09 10:40] 0.72155  raw t=SELL f=HOLD tech=SELL  fused T=SELL t=SELL f=HOLD cf=SELL  → HOLD wide-spread-need-3oo3  k=-0.80 RSI=33  BANC×1.08  sugar lamp feed 0.27  eq $100000.00
[2026-09-09 15:25] skip BUY: day bias DOWN
[2026-09-09 17:20] 0.72249  raw t=HOLD f=HOLD tech=HOLD  fused T=HOLD t=HOLD f=HOLD cf=HOLD  → HOLD no-tech  k=-0.21 RSI=55  BANC×1.07  sugar lamp feed 0.27  eq $100000.00
[2026-09-10 00:00] 0.72239  raw t=BUY  f=BUY  tech=HOLD  fused T=HOLD t=BUY  f=BUY  cf=BUY   → HOLD no-tech  k=+0.32 RSI=61  BANC×1.09  sugar lamp feed 0.28  eq $100000.00
[2026-09-10 00:05] skip BUY: cost/stop 0.46 (need <=0.40)
[2026-09-10 01:55] skip SELL: cost/stop 0.46 (need <=0.40)
[2026-09-10 06:40] 0.72176  raw t=HOLD f=HOLD tech=HOLD  fused T=HOLD t=HOLD f=HOLD cf=HOLD  → HOLD no-tech  k=-0.28 RSI=40  BANC×1.09  sugar lamp feed 0.28  eq $100000.00
[2026-09-10 13:20] 0.71638  raw t=SELL f=BUY  tech=HOLD  fused T=HOLD t=SELL f=BUY  cf=HOLD  → HOLD no-tech  k=-0.94 RSI=29  BANC×1.05  sugar lamp feed 0.27  eq $100000.00
[2026-09-10 14:05] SELL AUDUSD 2.20 lots @ 0.71675  margin $1576.86  comm $7.70  bias-down  raw tech=SELL/cont t=SELL f=BUY  fused T=SELL t=SELL f=BUY cf=SELL@0.32 fam {} bias-down  conf 65%  bar 45%  cal P(win)=0.50  n=0  P(edge)=0.61  similar=0.50  TA=0.81  data-weight=0.00  2.20 lots  risk $177 (0.18% eq)  SL 8.0 pips  ~$176 if stopped  bayes P(edge)=0.60  p=0.42  R=2.47  ½K=0.041  scale=0.68  risk 0.68%  BANC×1.06  admit×0.60  tape×0.48  cost×0.69  vol×1.00  liq×1.00  chase×0.69  heat×1.00  (DOWN, k -0.92)  → OK|1083|PAPER
[2026-09-10 15:05] CLOSE SELL LOSS  2.20 lots  conf 65%  bar 45%  -6.7 pips  $-147.01  comm $15.40 slip $10.32 swap $0.00  snowball 0  (scalp scratch)
       → OK|1083
       adapt  bar 45%  cal P(win)=0.50  P(edge) floor 0.38  learn frozen
[2026-09-10 15:10] SELL AUDUSD 2.33 lots @ 0.71732  margin $1671.35  comm $8.16  bias-down  raw tech=HOLD/hold t=SELL f=BUY  fused T=HOLD t=SELL f=BUY cf=SELL@0.40 fam {} bias-down  conf 65%  bar 45%  cal P(win)=0.50  n=0  P(edge)=0.60  similar=0.50  TA=0.80  data-weight=0.00  2.33 lots  risk $187 (0.19% eq)  SL 8.0 pips  ~$186 if stopped  bayes P(edge)=0.61  p=0.42  R=2.44  ½K=0.045  scale=0.75  risk 0.75%  admit×0.60  tape×0.48  cost×0.69  vol×1.00  liq×1.00  chase×0.99  heat×0.70  (DOWN, k -0.79)  → OK|1084|PAPER
[2026-09-10 17:10] CLOSE SELL WIN  2.33 lots  conf 65%  bar 45%  +1.3 pips  $+30.92  comm $16.31 slip $11.14 swap $0.00  snowball 0  (scalp scratch)
       → OK|1084
       adapt  bar 45%  cal P(win)=0.50  P(edge) floor 0.38  learn frozen
[2026-09-10 20:00] 0.71597  raw t=HOLD f=HOLD tech=SELL  fused T=SELL t=HOLD f=HOLD cf=HOLD  → HOLD 1oo3-skip (cont t=HOLD f=HOLD)  k=-0.84 RSI=42  BANC×0.99  sugar lamp feed 0.27  eq $99883.91
[2026-09-11 02:40] 0.71582  raw t=HOLD f=HOLD tech=HOLD  fused T=HOLD t=HOLD f=HOLD cf=HOLD  → HOLD no-tech  k=-0.07 RSI=40  BANC×1.09  sugar lamp feed 0.28  eq $99883.91
[2026-09-11 09:20] 0.71705  raw t=BUY  f=HOLD tech=HOLD  fused T=HOLD t=BUY  f=HOLD cf=BUY   → HOLD no-tech  k=+0.48 RSI=47  BANC×1.08  sugar lamp feed 0.27  eq $99883.91
[2026-09-11 12:40] BUY AUDUSD 2.43 lots @ 0.71771  margin $1744.04  comm $8.51  bias-up  raw tech=HOLD/hold t=BUY f=HOLD  fused T=HOLD t=BUY f=HOLD cf=BUY@0.40 fam {} bias-up  conf 64%  bar 45%  cal P(win)=0.50  n=0  P(edge)=0.61  similar=0.50  TA=0.77  data-weight=0.00  2.43 lots  risk $194 (0.19% eq)  SL 8.0 pips  ~$194 if stopped  bayes P(edge)=0.60  p=0.42  R=2.38  ½K=0.041  scale=0.68  risk 0.68%  BANC×1.07  admit×0.60  tape×0.53  cost×0.68  vol×0.78  liq×1.00  chase×1.00  heat×1.00  (UP, k +0.71)  → OK|1085|PAPER
[2026-09-11 13:40] CLOSE BUY LOSS  2.43 lots  conf 64%  bar 45%  -1.0 pips  $-25.26  comm $17.01 slip $11.77 swap $0.00  snowball 0  (ATR stop)
       → OK|1085
       adapt  bar 45%  cal P(win)=0.50  P(edge) floor 0.38  learn frozen
[2026-09-11 13:45] BUY AUDUSD 1.59 lots @ 0.71828  margin $1142.06  comm $5.57  bias-up  raw tech=HOLD/hold t=BUY f=HOLD  fused T=HOLD t=BUY f=HOLD cf=BUY@0.40 fam {} bias-up  conf 64%  bar 45%  cal P(win)=0.50  n=0  P(edge)=0.61  similar=0.50  TA=0.76  data-weight=0.00  1.59 lots  risk $128 (0.13% eq)  SL 8.0 pips  ~$127 if stopped  bayes P(edge)=0.61  p=0.42  R=2.40  ½K=0.039  scale=0.66  risk 0.66%  admit×0.60  tape×0.38  cost×0.69  vol×0.78  liq×1.00  chase×1.00  heat×0.70  (UP, k +0.75)  → OK|1086|PAPER
[2026-09-11 14:45] CLOSE BUY LOSS  1.59 lots  conf 64%  bar 45%  -10.3 pips  $-163.72  comm $11.13 slip $7.45 swap $0.00  snowball 0  (ATR stop)
       → OK|1086
       adapt  bar 45%  cal P(win)=0.50  P(edge) floor 0.38  learn frozen
[2026-09-11 16:00] 0.71793  raw t=HOLD f=HOLD tech=HOLD  fused T=HOLD t=HOLD f=HOLD cf=HOLD  → HOLD no-tech  k=+0.17 RSI=55  BANC×0.94  sugar lamp feed 0.26  eq $99694.93
[2026-09-14 00:00] skip SELL: cost/stop 0.46 (need <=0.40)
[2026-09-14 00:05] 0.71536  raw t=SELL f=BUY  tech=HOLD  fused T=HOLD t=SELL f=BUY  cf=SELL  → HOLD no-tech  k=-0.84 RSI=26  BANC×1.09  sugar lamp feed 0.27  eq $99694.93
[2026-09-14 00:40] skip SELL: cost/stop 0.46 (need <=0.40)
[2026-09-14 01:20] skip SELL: cost/stop 0.46 (need <=0.40)
[2026-09-14 06:45] 0.71423  raw t=HOLD f=HOLD tech=HOLD  fused T=HOLD t=HOLD f=HOLD cf=HOLD  → HOLD no-tech  k=-0.71 RSI=30  BANC×1.09  sugar lamp feed 0.28  eq $99694.93
[2026-09-14 13:25] 0.71164  raw t=SELL f=BUY  tech=HOLD  fused T=HOLD t=SELL f=BUY  cf=SELL  → HOLD no-tech  k=-0.72 RSI=35  BANC×1.08  sugar lamp feed 0.27  eq $99694.93
[2026-09-14 15:00] SELL AUDUSD 1.15 lots @ 0.71282  margin $819.74  comm $4.03  bias-down  raw tech=HOLD/hold t=SELL f=HOLD  fused T=HOLD t=SELL f=HOLD cf=SELL@0.40 fam {} bias-down  conf 63%  bar 45%  cal P(win)=0.50  n=0  P(edge)=0.59  similar=0.50  TA=0.77  data-weight=0.00  1.15 lots  risk $93 (0.09% eq)  SL 8.0 pips  ~$92 if stopped  bayes P(edge)=0.59  p=0.42  R=2.31  ½K=0.038  scale=0.63  risk 0.63%  BANC×1.07  admit×0.60  tape×0.27  cost×0.70  vol×0.78  liq×1.00  chase×1.00  heat×0.50  (DOWN, k -0.65)  → OK|1087|PAPER
[2026-09-14 15:20] CLOSE SELL LOSS  1.15 lots  conf 63%  bar 45%  -9.2 pips  $-105.26  comm $8.05 slip $5.06 swap $0.00  snowball 0  (ATR stop)
       → OK|1087
       rails  circuit  3 losses → pause 12 bars
       adapt  bar 45%  cal P(win)=0.50  P(edge) floor 0.38  learn frozen
[2026-09-14 20:05] 0.71403  raw t=HOLD f=HOLD tech=HOLD  fused T=HOLD t=HOLD f=HOLD cf=HOLD  → HOLD no-tech  k=+0.43 RSI=34  BANC×1.06  sugar lamp feed 0.27  eq $99589.67
[2026-09-15 01:30] skip SELL: cost/stop 0.46 (need <=0.40)
[2026-09-15 02:45] 0.71357  raw t=SELL f=HOLD tech=HOLD  fused T=HOLD t=SELL f=HOLD cf=SELL  → HOLD no-tech  k=-0.65 RSI=55  BANC×1.09  sugar lamp feed 0.28  eq $99589.67
[2026-09-15 09:25] 0.71271  raw t=HOLD f=HOLD tech=HOLD  fused T=HOLD t=HOLD f=HOLD cf=HOLD  → HOLD no-tech  k=+0.17 RSI=49  BANC×1.08  sugar lamp feed 0.27  eq $99589.67
[2026-09-15 16:05] 0.71281  raw t=HOLD f=HOLD tech=HOLD  fused T=HOLD t=HOLD f=HOLD cf=HOLD  → HOLD no-tech  k=+0.12 RSI=40  BANC×1.09  sugar lamp feed 0.28  eq $99589.67
[2026-09-15 22:45] 0.71332  raw t=HOLD f=HOLD tech=HOLD  fused T=HOLD t=HOLD f=HOLD cf=HOLD  → HOLD no-tech  k=-0.03 RSI=50  BANC×1.09  sugar lamp feed 0.28  eq $99589.67
[2026-09-16 00:00] skip SELL: cost/stop 0.47 (need <=0.40)
[2026-09-16 00:40] skip SELL: cost/stop 0.46 (need <=0.40)
[2026-09-16 01:20] skip SELL: cost/stop 0.46 (need <=0.40)
[2026-09-16 05:25] 0.71337  raw t=HOLD f=HOLD tech=HOLD  fused T=HOLD t=HOLD f=HOLD cf=HOLD  → HOLD no-tech  k=+0.26 RSI=62  BANC×1.08  sugar lamp feed 0.27  eq $99589.67
[2026-09-16 08:10] skip BUY: day bias DOWN
[2026-09-16 12:05] 0.71352  raw t=BUY  f=HOLD tech=BUY   fused T=BUY  t=BUY  f=HOLD cf=BUY   → HOLD wide-spread-need-3oo3  k=+0.60 RSI=54  BANC×1.09  sugar lamp feed 0.28  eq $99589.67
[2026-09-16 18:45] 0.71048  raw t=HOLD f=HOLD tech=HOLD  fused T=HOLD t=HOLD f=HOLD cf=HOLD  → HOLD no-tech  k=-0.44 RSI=31  BANC×1.09  sugar lamp feed 0.28  eq $99589.67
[2026-09-17 01:25] 0.70972  raw t=HOLD f=HOLD tech=HOLD  fused T=HOLD t=HOLD f=HOLD cf=HOLD  → HOLD no-tech  k=-0.00 RSI=58  BANC×1.09  sugar lamp feed 0.28  eq $99589.67
[2026-09-17 08:05] 0.71159  raw t=BUY  f=HOLD tech=HOLD  fused T=HOLD t=BUY  f=HOLD cf=BUY   → HOLD no-tech  k=+0.86 RSI=46  BANC×1.08  sugar lamp feed 0.27  eq $99589.67
[2026-09-17 14:45] 0.71195  raw t=BUY  f=HOLD tech=HOLD  fused T=HOLD t=BUY  f=HOLD cf=BUY   → HOLD no-tech  k=+0.59 RSI=51  BANC×1.07  sugar lamp feed 0.27  eq $99589.67
[2026-09-17 21:25] 0.71134  raw t=HOLD f=HOLD tech=HOLD  fused T=HOLD t=HOLD f=HOLD cf=HOLD  → HOLD no-tech  k=-0.44 RSI=48  BANC×1.08  sugar lamp feed 0.27  eq $99589.67
[2026-09-18 01:20] skip BUY: cost/stop 0.46 (need <=0.40)
[2026-09-18 04:05] 0.71378  raw t=HOLD f=HOLD tech=HOLD  fused T=HOLD t=HOLD f=HOLD cf=HOLD  → HOLD no-tech  k=+0.90 RSI=82  BANC×1.08  sugar lamp feed 0.27  eq $99589.67
[2026-09-18 10:45] 0.71256  raw t=HOLD f=HOLD tech=HOLD  fused T=HOLD t=HOLD f=HOLD cf=HOLD  → HOLD no-tech  k=+0.33 RSI=39  BANC×1.09  sugar lamp feed 0.27  eq $99589.67
[2026-09-18 17:25] 0.71266  raw t=HOLD f=HOLD tech=HOLD  fused T=HOLD t=HOLD f=HOLD cf=HOLD  → HOLD no-tech  k=+0.21 RSI=70  BANC×1.08  sugar lamp feed 0.27  eq $99589.67
[2026-09-21 01:00] skip BUY: cost/stop 0.47 (need <=0.40)
[2026-09-21 01:35] 0.71271  raw t=BUY  f=HOLD tech=HOLD  fused T=HOLD t=BUY  f=HOLD cf=HOLD  → HOLD no-tech  k=+0.52 RSI=46  BANC×1.09  sugar lamp feed 0.27  eq $99589.67
[2026-09-21 01:40] skip BUY: cost/stop 0.47 (need <=0.40)
[2026-09-21 08:15] 0.71347  raw t=BUY  f=SELL tech=HOLD  fused T=HOLD t=BUY  f=SELL cf=BUY   → HOLD no-tech  k=+0.44 RSI=67  BANC×1.08  sugar lamp feed 0.27  eq $99589.67
[2026-09-21 14:55] 0.71276  raw t=SELL f=HOLD tech=HOLD  fused T=HOLD t=SELL f=HOLD cf=BUY   → HOLD no-tech  k=-0.36 RSI=35  BANC×1.09  sugar lamp feed 0.28  eq $99589.67
[2026-09-21 21:35] 0.71225  raw t=HOLD f=HOLD tech=SELL  fused T=SELL t=HOLD f=HOLD cf=HOLD  → HOLD wide-spread-need-3oo3  k=-0.61 RSI=47  BANC×1.09  sugar lamp feed 0.28  eq $99589.67
[2026-09-22 01:55] skip SELL: cost/stop 0.46 (need <=0.40)
[2026-09-22 04:15] 0.71245  raw t=HOLD f=HOLD tech=HOLD  fused T=HOLD t=HOLD f=HOLD cf=HOLD  → HOLD no-tech  k=+0.32 RSI=57  BANC×1.08  sugar lamp feed 0.27  eq $99589.67
[2026-09-22 08:45] SELL AUDUSD 1.13 lots @ 0.71084  margin $803.25  comm $3.96  bias-down  raw tech=SELL/bounce t=SELL f=HOLD  fused T=SELL t=SELL f=HOLD cf=SELL@0.32 fam {} bias-down  conf 67%  bar 45%  cal P(win)=0.50  n=0  P(edge)=0.60  similar=0.50  TA=0.92  data-weight=0.00  1.13 lots  risk $91 (0.09% eq)  SL 8.0 pips  ~$90 if stopped  bayes P(edge)=0.60  p=0.42  R=2.47  ½K=0.041  scale=0.68  risk 0.68%  BANC×1.06  admit×0.60  tape×0.25  cost×0.70  vol×0.78  liq×0.90  chase×0.86  heat×0.35  (DOWN, k -0.84)  → OK|1088|PAPER
[2026-09-22 08:50] CLOSE SELL LOSS  1.13 lots  conf 67%  bar 45%  -11.2 pips  $-126.62  comm $7.91 slip $5.68 swap $0.00  snowball 0  (ATR stop)
       → OK|1088
       rails  circuit  4 losses → pause 12 bars
       adapt  bar 45%  cal P(win)=0.50  P(edge) floor 0.38  learn frozen
[2026-09-22 09:25] skip SELL: circuit pause 5 bars
[2026-09-22 10:55] 0.71190  raw t=HOLD f=HOLD tech=HOLD  fused T=HOLD t=HOLD f=HOLD cf=HOLD  → HOLD no-tech  k=+0.12 RSI=58  BANC×0.98  sugar lamp feed 0.27  eq $99463.06
[2026-09-22 17:35] 0.71073  raw t=HOLD f=HOLD tech=HOLD  fused T=HOLD t=HOLD f=HOLD cf=HOLD  → HOLD no-tech  k=-0.59 RSI=54  BANC×1.00  sugar lamp feed 0.27  eq $99463.06
[2026-09-23 00:15] 0.71149  raw t=HOLD f=HOLD tech=HOLD  fused T=HOLD t=HOLD f=HOLD cf=HOLD  → HOLD no-tech  k=-0.15 RSI=47  BANC×1.00  sugar lamp feed 0.27  eq $99463.06
adapt  saved C:\Workspace\FlyFOREXTrader\reports\adapt_payoff_AUDUSD.json  bar 45%  skips 0  SL 2.45  TP 12.0  impulse>=0.50  RSI 52/48

──────── trade report (costs included) ────────
  # side   lots  conf    entry     exit    pips        USD  reason
  1 SELL   2.20    65  0.71675  0.71735    -6.7    -147.01  scalp scratch
  2 SELL   2.33    65  0.71732  0.71712    +1.3     +30.92  scalp scratch
  3 BUY    2.43    64  0.71771  0.71768    -1.0     -25.26  ATR stop
  4 BUY    1.59    64  0.71828  0.71732   -10.3    -163.72  ATR stop
  5 SELL   1.15    63  0.71282  0.71366    -9.2    -105.26  ATR stop
  6 SELL   1.13    67  0.71084  0.71189   -11.2    -126.62  ATR stop
──────────────────────────────────────────────
6 trades  1W/5L  win rate 17%  net -37.1 pips  net $-536.95
costs  spread≈$156.51  commission=$75.81  slippage=$51.41  swap=$0.00
account  start $100,000.00  balance $99,463.06  equity $99,463.06  margin $0.00  free $99,463.06  level n/a
leverage 1:100  rejected 0  stop-outs 0  avg 1.80 lots  return -0.537%
confidence  high>=60 1/6 (17%)  low<60 n/a  (should separate as n grows)
plausibility  bar 45% -> 45%  mean cal P(win) 0.50
tax  model=no tax due on a net loss; the loss may carry forward depending on local rules  estimated due $0.00  after-tax $-536.95  effective 0.0%
      estimate only - not tax advice; set --tax-rate / --tax-model for your jurisdiction
saved C:\Workspace\FlyFOREXTrader\reports\trades-AUDUSD-20260923-000700.csv
evo     missing  brains/EURGBP.evo.json — Train DA with evolve, or uncheck use evolved
sim account $100,000  leverage 1:100  commission $7.00/lot RT  slip 0.2 pip  spread 0.00014  quote GBP
sizing  1.00% of equity per trade, scaled by Bayesian half-Kelly  lot 0.01-20.00  margin cap 25% of free
risk-tol  balanced  factory geometry  risk-factor exits off
adapt  reset C:\Workspace\FlyFOREXTrader\reports\adapt_payoff_EURGBP.json
confidence  plausibility bar starts 45% (base 45%; evolves with calibration)
params  SL 2.40 ATR  TP 12.0 ATR  trail 3.20/1.80  RSI arm 52/48  min |impulse| 0.50
tax  24.0%  model=ordinary  (estimate at report time)
learn  frozen for this replay (traces loaded, rewards off)
brain   params  SL 2.40 ATR  RSI arm 52/48  impulse>=0.50
brain   loaded brains/EURGBP.json  DA n=4
risk  dynamic tape  spread/stop, ATR regime, London-NY liquidity, chase, heat  (same rules on every pair; stored pair risk_factors are not applied)
committee  cat-fuse  all live inverse-var mix → {tech, fly-trend, fly-fade} 2oo3   both BUY and SELL   parallel: flow-algo   fusion: Kalman+Bayes gate + fly-conf (native votes, abstain only)
pair-book  OFF (--no-pair-book)
snowball  on  add up to 2×55% of first lots  when fly-trend agrees, profit is past BE but not yet trailing, pullback from the extreme
martingale  on  ×1.20 after a scratch, ×1.28 cap; never after a full stop; freeze if DD/BANC/pair-admit
plastic  on  PAM/PPL dopamine × eligibility on readout + sensory gains (connectome W frozen)
BANC    female cluster net n=36  banc-clusters  risk voter mixed with MaleCNS ol_sensory+vnc_sensory  (full 188k edgelist needs CAVE_TOKEN)
sugar   native GRN lamp  23 cells  0.45×nice on the risk pass  (4k-era: eat every 2oo3, no skip/flatten; check sugar feed for the overlay)
rails   fly-trader kill 2.5% DD  (1.0% after snowball)  circuit 3 losses  pair-admit 2 trades / PF≥1.00 then full size
[2026-09-07 18:50] 0.85835  raw t=HOLD f=HOLD tech=HOLD  fused T=HOLD t=HOLD f=HOLD cf=HOLD  → HOLD no-tech  k=+0.26 RSI=50  BANC×1.00  sugar lamp feed 0.09  eq $100000.00
[2026-09-08 01:30] 0.85862  raw t=HOLD f=HOLD tech=HOLD  fused T=HOLD t=HOLD f=HOLD cf=HOLD  → HOLD no-tech  k=+0.52 RSI=68  BANC×1.00  sugar lamp feed 0.09  eq $100000.00
[2026-09-08 08:10] 0.85838  raw t=SELL f=SELL tech=HOLD  fused T=HOLD t=SELL f=SELL cf=HOLD  → HOLD no-tech  k=-0.38 RSI=53  BANC×1.04  sugar lamp feed 0.25  eq $100000.00
[2026-09-08 14:50] 0.85807  raw t=HOLD f=HOLD tech=HOLD  fused T=HOLD t=HOLD f=HOLD cf=HOLD  → HOLD no-tech  k=-0.16 RSI=66  BANC×1.03  sugar lamp feed 0.25  eq $100000.00
[2026-09-08 21:30] 0.85856  raw t=HOLD f=HOLD tech=HOLD  fused T=HOLD t=HOLD f=HOLD cf=HOLD  → HOLD no-tech  k=+0.02 RSI=55  BANC×1.03  sugar lamp feed 0.25  eq $100000.00
[2026-09-09 04:10] 0.85855  raw t=HOLD f=HOLD tech=HOLD  fused T=HOLD t=HOLD f=HOLD cf=HOLD  → HOLD no-tech  k=+0.18 RSI=44  BANC×1.03  sugar lamp feed 0.25  eq $100000.00
[2026-09-09 10:50] 0.85910  raw t=BUY  f=HOLD tech=HOLD  fused T=HOLD t=BUY  f=HOLD cf=BUY   → HOLD no-tech  k=+0.51 RSI=61  BANC×1.08  sugar lamp feed 0.27  eq $100000.00
[2026-09-09 17:30] 0.85831  raw t=HOLD f=HOLD tech=HOLD  fused T=HOLD t=HOLD f=HOLD cf=HOLD  → HOLD no-tech  k=-0.41 RSI=40  BANC×1.07  sugar lamp feed 0.27  eq $100000.00
[2026-09-10 00:10] 0.85867  raw t=HOLD f=HOLD tech=HOLD  fused T=HOLD t=HOLD f=HOLD cf=HOLD  → HOLD no-tech  k=-0.03 RSI=54  BANC×1.07  sugar lamp feed 0.27  eq $100000.00
[2026-09-10 06:50] 0.85848  raw t=HOLD f=HOLD tech=HOLD  fused T=HOLD t=HOLD f=HOLD cf=HOLD  → HOLD no-tech  k=+0.27 RSI=43  BANC×1.07  sugar lamp feed 0.27  eq $100000.00
[2026-09-10 12:30] BUY EURGBP 2.45 lots @ 0.85893  margin $2104.38  comm $8.58  bias-up  raw tech=HOLD/hold t=BUY f=HOLD  fused T=HOLD t=BUY f=HOLD cf=BUY@0.40 fam {} bias-up  conf 61%  bar 45%  cal P(win)=0.50  n=0  P(edge)=0.60  similar=0.50  TA=0.66  data-weight=0.00  2.45 lots  risk $229 (0.23% eq)  SL 8.0 pips  ~$228 if stopped  bayes P(edge)=0.62  p=0.43  R=2.42  ½K=0.049  scale=0.83  risk 0.83%  BANC×1.06  admit×0.60  tape×0.51  cost×0.65  vol×0.78  liq×1.00  chase×1.00  heat×1.00  (UP, k +0.44)  → OK|1089|PAPER
[2026-09-10 13:30] 0.85936  raw t=BUY  f=HOLD tech=HOLD  fused T=HOLD t=BUY  f=HOLD cf=BUY   → HOLD no-tech  k=+0.46 RSI=58  BANC×1.06  sugar lamp feed 0.27  eq $100093.96
[2026-09-10 13:55] CLOSE BUY LOSS  2.45 lots  conf 61%  bar 45%  -0.2 pips  $-4.49  comm $17.15 slip $15.87 swap $0.00  snowball 0  (scalp scratch)
       → OK|1089
       adapt  bar 45%  cal P(win)=0.50  P(edge) floor 0.38  learn frozen
[2026-09-10 14:00] BUY EURGBP 2.05 lots @ 0.85947  margin $1761.91  comm $7.17  bias-up  raw tech=HOLD/hold t=BUY f=HOLD  fused T=HOLD t=BUY f=HOLD cf=BUY@0.40 fam {} bias-up  conf 60%  bar 45%  cal P(win)=0.50  n=0  P(edge)=0.59  similar=0.50  TA=0.60  data-weight=0.00  2.05 lots  risk $192 (0.19% eq)  SL 8.0 pips  ~$191 if stopped  bayes P(edge)=0.61  p=0.42  R=2.35  ½K=0.047  scale=0.79  risk 0.79%  admit×0.60  tape×0.47  cost×0.67  vol×1.00  liq×1.00  chase×1.00  heat×0.70  (UP, k +0.48)  → OK|1090|PAPER
[2026-09-10 15:00] CLOSE BUY LOSS  2.05 lots  conf 60%  bar 45%  -1.6 pips  $-33.36  comm $14.35 slip $11.86 swap $0.00  snowball 0  (scalp scratch)
       → OK|1090
       adapt  bar 45%  cal P(win)=0.50  P(edge) floor 0.38  learn frozen
[2026-09-10 20:10] 0.85938  raw t=HOLD f=HOLD tech=HOLD  fused T=HOLD t=HOLD f=HOLD cf=HOLD  → HOLD no-tech  k=+0.34 RSI=50  BANC×0.95  sugar lamp feed 0.27  eq $99962.15
[2026-09-11 02:50] 0.85954  raw t=HOLD f=HOLD tech=HOLD  fused T=HOLD t=HOLD f=HOLD cf=HOLD  → HOLD no-tech  k=+0.56 RSI=55  BANC×0.95  sugar lamp feed 0.27  eq $99962.15
[2026-09-11 09:30] 0.85872  raw t=SELL f=BUY  tech=HOLD  fused T=HOLD t=SELL f=BUY  cf=SELL  → HOLD no-tech  k=-0.27 RSI=48  BANC×1.07  sugar lamp feed 0.27  eq $99962.15
[2026-09-11 13:00] SELL EURGBP 1.07 lots @ 0.85784  margin $917.89  comm $3.75  bias-down  raw tech=HOLD/hold t=SELL f=BUY  fused T=HOLD t=SELL f=BUY cf=HOLD@0.42 fam {} bias-down  conf 62%  bar 45%  cal P(win)=0.50  n=0  P(edge)=0.60  similar=0.50  TA=0.68  data-weight=0.00  1.07 lots  risk $100 (0.10% eq)  SL 8.0 pips  ~$100 if stopped  bayes P(edge)=0.59  p=0.41  R=2.41  ½K=0.033  scale=0.55  risk 0.55%  BANC×1.06  admit×0.60  tape×0.34  cost×0.68  vol×1.00  liq×1.00  chase×1.00  heat×0.50  (DOWN, k -0.64)  → OK|1091|PAPER
[2026-09-11 14:00] CLOSE SELL LOSS  1.07 lots  conf 62%  bar 45%  -5.9 pips  $-62.74  comm $7.49 slip $6.63 swap $0.00  snowball 0  (scalp scratch)
       → OK|1091
       rails  circuit  3 losses → pause 12 bars
       adapt  bar 45%  cal P(win)=0.50  P(edge) floor 0.38  learn frozen
[2026-09-11 16:10] 0.85803  raw t=HOLD f=HOLD tech=HOLD  fused T=HOLD t=HOLD f=HOLD cf=HOLD  → HOLD no-tech  k=-0.04 RSI=41  BANC×1.06  sugar lamp feed 0.26  eq $99899.42
[2026-09-14 00:20] 0.85701  raw t=HOLD f=HOLD tech=HOLD  fused T=HOLD t=HOLD f=HOLD cf=HOLD  → HOLD no-tech  k=-0.57 RSI=36  BANC×1.06  sugar lamp feed 0.26  eq $99899.42
[2026-09-14 07:00] 0.85643  raw t=SELL f=BUY  tech=HOLD  fused T=HOLD t=SELL f=BUY  cf=SELL  → HOLD no-tech  k=-0.66 RSI=48  BANC×1.08  sugar lamp feed 0.27  eq $99899.42
[2026-09-14 13:40] 0.85594  raw t=HOLD f=HOLD tech=HOLD  fused T=HOLD t=HOLD f=HOLD cf=HOLD  → HOLD no-tech  k=-0.09 RSI=49  BANC×1.07  sugar lamp feed 0.27  eq $99899.42
[2026-09-14 20:20] 0.85541  raw t=HOLD f=HOLD tech=SELL  fused T=SELL t=HOLD f=HOLD cf=HOLD  → HOLD wide-spread-need-3oo3  k=-0.75 RSI=48  BANC×1.07  sugar lamp feed 0.27  eq $99899.42
[2026-09-15 03:00] 0.85551  raw t=HOLD f=HOLD tech=HOLD  fused T=HOLD t=HOLD f=HOLD cf=HOLD  → HOLD no-tech  k=+0.30 RSI=62  BANC×1.07  sugar lamp feed 0.27  eq $99899.42
[2026-09-15 09:40] 0.85599  raw t=BUY  f=SELL tech=HOLD  fused T=HOLD t=BUY  f=SELL cf=BUY   → HOLD no-tech  k=+0.55 RSI=46  BANC×1.08  sugar lamp feed 0.27  eq $99899.42
[2026-09-15 16:20] 0.85663  raw t=HOLD f=HOLD tech=HOLD  fused T=HOLD t=HOLD f=HOLD cf=HOLD  → HOLD no-tech  k=+0.35 RSI=70  BANC×1.08  sugar lamp feed 0.27  eq $99899.42
[2026-09-15 23:00] 0.85628  raw t=HOLD f=HOLD tech=HOLD  fused T=HOLD t=HOLD f=HOLD cf=HOLD  → HOLD no-tech  k=+0.26 RSI=49  BANC×1.08  sugar lamp feed 0.27  eq $99899.42
[2026-09-16 05:40] 0.85602  raw t=HOLD f=HOLD tech=HOLD  fused T=HOLD t=HOLD f=HOLD cf=HOLD  → HOLD no-tech  k=-0.55 RSI=35  BANC×1.08  sugar lamp feed 0.27  eq $99899.42
[2026-09-16 12:20] 0.85748  raw t=BUY  f=HOLD tech=HOLD  fused T=HOLD t=BUY  f=HOLD cf=BUY   → HOLD no-tech  k=+0.44 RSI=73  BANC×1.08  sugar lamp feed 0.27  eq $99899.42
[2026-09-16 19:00] 0.85732  raw t=HOLD f=HOLD tech=HOLD  fused T=HOLD t=HOLD f=HOLD cf=HOLD  → HOLD no-tech  k=+0.17 RSI=44  BANC×1.08  sugar lamp feed 0.27  eq $99899.42
[2026-09-17 01:40] 0.85691  raw t=HOLD f=HOLD tech=HOLD  fused T=HOLD t=HOLD f=HOLD cf=HOLD  → HOLD no-tech  k=+0.12 RSI=51  BANC×1.08  sugar lamp feed 0.27  eq $99899.42
[2026-09-17 08:20] 0.85704  raw t=BUY  f=HOLD tech=HOLD  fused T=HOLD t=BUY  f=HOLD cf=BUY   → HOLD no-tech  k=+0.40 RSI=53  BANC×1.07  sugar lamp feed 0.27  eq $99899.42
[2026-09-17 12:10] BUY EURGBP 0.88 lots @ 0.85805  margin $755.08  comm $3.08  bias-up  raw tech=HOLD/hold t=BUY f=BUY  fused T=HOLD t=BUY f=BUY cf=BUY@0.40 fam {} bias-up  conf 62%  bar 45%  cal P(win)=0.50  n=0  P(edge)=0.60  similar=0.50  TA=0.63  data-weight=0.00  0.88 lots  risk $101 (0.10% eq)  SL 9.9 pips  ~$101 if stopped  bayes P(edge)=0.60  p=0.42  R=2.32  ½K=0.046  scale=0.78  risk 0.78%  BANC×1.03  admit×0.60  tape×0.25  cost×0.76  vol×0.78  liq×1.00  chase×1.00  heat×0.35  (UP, k +0.35)  → OK|1092|PAPER
[2026-09-17 15:00] 0.85998  raw t=BUY  f=SELL tech=HOLD  fused T=HOLD t=BUY  f=SELL cf=BUY   → HOLD no-tech  k=+0.88 RSI=63  BANC×1.05  sugar lamp feed 0.26  eq $100086.96
[2026-09-17 15:00] CLOSE BUY WIN  0.88 lots  conf 62%  bar 45%  +20.7 pips  $+181.87  comm $6.16 slip $5.38 swap $0.00  snowball 0  (trail stop)
       → OK|1092
       adapt  bar 45%  cal P(win)=0.50  P(edge) floor 0.38  learn frozen
[2026-09-17 15:05] BUY EURGBP 1.75 lots @ 0.86002  margin $1505.04  comm $6.12  bias-up  raw tech=HOLD/hold t=BUY f=SELL  fused T=HOLD t=BUY f=SELL cf=HOLD@0.42 fam {} bias-up  conf 64%  bar 45%  cal P(win)=0.50  n=0  P(edge)=0.61  similar=0.50  TA=0.76  data-weight=0.00  1.75 lots  risk $164 (0.28% eq)  SL 8.0 pips  ~$163 if stopped  bayes P(edge)=0.59  p=0.42  R=2.40  ½K=0.036  scale=0.60  risk 0.60%  BANC×1.05  tape×0.52  cost×0.68  vol×1.00  liq×1.00  chase×0.77  heat×1.00  (UP, k +0.88)  → OK|1093|PAPER
[2026-09-17 16:05] CLOSE BUY WIN  1.75 lots  conf 64%  bar 45%  +0.5 pips  $+8.37  comm $12.25 slip $9.69 swap $0.00  snowball 0  (scalp scratch)
       → OK|1093
       adapt  bar 45%  cal P(win)=0.50  P(edge) floor 0.38  learn frozen
[2026-09-17 21:40] 0.85895  raw t=HOLD f=HOLD tech=HOLD  fused T=HOLD t=HOLD f=HOLD cf=HOLD  → HOLD no-tech  k=-0.06 RSI=40  BANC×1.05  sugar lamp feed 0.26  eq $100089.66
[2026-09-18 04:20] 0.85923  raw t=HOLD f=HOLD tech=HOLD  fused T=HOLD t=HOLD f=HOLD cf=HOLD  → HOLD no-tech  k=-0.23 RSI=55  BANC×1.05  sugar lamp feed 0.26  eq $100089.66
[2026-09-18 11:00] 0.85887  raw t=HOLD f=HOLD tech=HOLD  fused T=HOLD t=HOLD f=HOLD cf=HOLD  → HOLD no-tech  k=+0.05 RSI=46  BANC×1.08  sugar lamp feed 0.27  eq $100089.66
[2026-09-18 17:40] 0.85727  raw t=HOLD f=HOLD tech=SELL  fused T=SELL t=HOLD f=HOLD cf=HOLD  → HOLD 1oo3-skip (cont t=HOLD f=HOLD)  k=-0.78 RSI=37  BANC×1.07  sugar lamp feed 0.27  eq $100089.66
[2026-09-21 01:50] 0.85750  raw t=HOLD f=HOLD tech=HOLD  fused T=HOLD t=HOLD f=HOLD cf=HOLD  → HOLD no-tech  k=+0.30 RSI=52  BANC×1.07  sugar lamp feed 0.27  eq $100089.66
[2026-09-21 08:30] 0.85776  raw t=HOLD f=HOLD tech=HOLD  fused T=HOLD t=HOLD f=HOLD cf=HOLD  → HOLD no-tech  k=+0.32 RSI=54  BANC×1.08  sugar lamp feed 0.27  eq $100089.66
[2026-09-21 15:10] 0.85769  raw t=HOLD f=HOLD tech=HOLD  fused T=HOLD t=HOLD f=HOLD cf=HOLD  → HOLD no-tech  k=+0.10 RSI=52  BANC×1.09  sugar lamp feed 0.27  eq $100089.66
[2026-09-21 21:50] 0.85732  raw t=HOLD f=HOLD tech=HOLD  fused T=HOLD t=HOLD f=HOLD cf=HOLD  → HOLD no-tech  k=-0.17 RSI=41  BANC×1.09  sugar lamp feed 0.27  eq $100089.66
[2026-09-22 04:30] 0.85741  raw t=HOLD f=HOLD tech=HOLD  fused T=HOLD t=HOLD f=HOLD cf=HOLD  → HOLD no-tech  k=-0.32 RSI=43  BANC×1.09  sugar lamp feed 0.27  eq $100089.66
[2026-09-22 11:10] 0.85771  raw t=BUY  f=HOLD tech=HOLD  fused T=HOLD t=BUY  f=HOLD cf=BUY   → HOLD no-tech  k=+0.41 RSI=50  BANC×1.07  sugar lamp feed 0.27  eq $100089.66
[2026-09-22 17:50] 0.85801  raw t=HOLD f=HOLD tech=HOLD  fused T=HOLD t=HOLD f=HOLD cf=HOLD  → HOLD no-tech  k=+0.50 RSI=57  BANC×1.08  sugar lamp feed 0.27  eq $100089.66
[2026-09-23 00:30] 0.85806  raw t=HOLD f=HOLD tech=HOLD  fused T=HOLD t=HOLD f=HOLD cf=HOLD  → HOLD no-tech  k=+0.36 RSI=67  BANC×1.08  sugar lamp feed 0.27  eq $100089.66
adapt  saved C:\Workspace\FlyFOREXTrader\reports\adapt_payoff_EURGBP.json  bar 45%  skips 0  SL 2.40  TP 12.0  impulse>=0.50  RSI 52/48

──────── trade report (costs included) ────────
  # side   lots  conf    entry     exit    pips        USD  reason
  1 BUY    2.45    61  0.85893  0.85897    -0.2      -4.49  scalp scratch
  2 BUY    2.05    60  0.85947  0.85939    -1.6     -33.36  scalp scratch
  3 SELL   1.07    62  0.85784  0.85829    -5.9     -62.74  scalp scratch
  4 BUY    0.88    62  0.85805  0.85988   +20.7    +181.87  trail stop
  5 BUY    1.75    64  0.86002  0.86013    +0.5      +8.37  scalp scratch
──────────────────────────────────────────────
5 trades  2W/3L  win rate 40%  net +13.5 pips  net $+89.65
costs  spread≈$137.89  commission=$57.40  slippage=$49.42  swap=$0.00
account  start $100,000.00  balance $100,089.66  equity $100,089.66  margin $0.00  free $100,089.66  level n/a
leverage 1:100  rejected 0  stop-outs 0  avg 1.64 lots  return +0.090%
confidence  high>=60 2/4 (50%)  low<60 0/1 (0%)  (should separate as n grows)
plausibility  bar 45% -> 45%  mean cal P(win) 0.50
tax  model=ordinary income / short-term gains at 24.0%  estimated due $21.52  after-tax $68.13  effective 24.0%
      estimate only - not tax advice; set --tax-rate / --tax-model for your jurisdiction
saved C:\Workspace\FlyFOREXTrader\reports\trades-EURGBP-20260923-001140.csv
evo     missing  brains/USDCAD.evo.json — Train DA with evolve, or uncheck use evolved
sim account $100,000  leverage 1:100  commission $7.00/lot RT  slip 0.2 pip  spread 0.00016  quote CAD
sizing  1.00% of equity per trade, scaled by Bayesian half-Kelly  lot 0.01-20.00  margin cap 25% of free
risk-tol  balanced  factory geometry  risk-factor exits off
adapt  reset C:\Workspace\FlyFOREXTrader\reports\adapt_payoff_USDCAD.json
confidence  plausibility bar starts 45% (base 45%; evolves with calibration)
params  SL 2.40 ATR  TP 12.0 ATR  trail 3.20/1.80  RSI arm 52/48  min |impulse| 0.50
tax  24.0%  model=ordinary  (estimate at report time)
learn  frozen for this replay (traces loaded, rewards off)
brain   params  SL 2.40 ATR  RSI arm 52/48  impulse>=0.50
brain   loaded brains/USDCAD.json  DA n=3
risk  dynamic tape  spread/stop, ATR regime, London-NY liquidity, chase, heat  (same rules on every pair; stored pair risk_factors are not applied)
committee  cat-fuse  all live inverse-var mix → {tech, fly-trend, fly-fade} 2oo3   both BUY and SELL   parallel: flow-algo   fusion: Kalman+Bayes gate + fly-conf (native votes, abstain only)
pair-book  OFF (--no-pair-book)
snowball  on  add up to 2×55% of first lots  when fly-trend agrees, profit is past BE but not yet trailing, pullback from the extreme
martingale  on  ×1.20 after a scratch, ×1.28 cap; never after a full stop; freeze if DD/BANC/pair-admit
plastic  on  PAM/PPL dopamine × eligibility on readout + sensory gains (connectome W frozen)
BANC    female cluster net n=36  banc-clusters  risk voter mixed with MaleCNS ol_sensory+vnc_sensory  (full 188k edgelist needs CAVE_TOKEN)
sugar   native GRN lamp  23 cells  0.45×nice on the risk pass  (4k-era: eat every 2oo3, no skip/flatten; check sugar feed for the overlay)
rails   fly-trader kill 2.5% DD  (1.0% after snowball)  circuit 3 losses  pair-admit 2 trades / PF≥1.00 then full size
[2026-09-07 18:55] 1.38146  raw t=HOLD f=HOLD tech=HOLD  fused T=HOLD t=HOLD f=HOLD cf=HOLD  → HOLD no-tech  k=+0.34 RSI=50  BANC×1.00  sugar lamp feed 0.09  eq $100000.00
[2026-09-08 01:35] 1.38038  raw t=HOLD f=HOLD tech=HOLD  fused T=HOLD t=HOLD f=HOLD cf=HOLD  → HOLD no-tech  k=-0.19 RSI=45  BANC×1.00  sugar lamp feed 0.09  eq $100000.00
[2026-09-08 08:15] 1.37970  raw t=HOLD f=HOLD tech=HOLD  fused T=HOLD t=HOLD f=HOLD cf=HOLD  → HOLD no-tech  k=-0.04 RSI=57  BANC×0.91  sugar lamp feed 0.24  eq $100000.00
[2026-09-08 14:55] 1.37784  raw t=SELL f=HOLD tech=HOLD  fused T=HOLD t=SELL f=HOLD cf=SELL  → HOLD no-tech  k=-0.56 RSI=49  BANC×0.89  sugar lamp feed 0.24  eq $100000.00
[2026-09-08 21:35] 1.37841  raw t=HOLD f=HOLD tech=HOLD  fused T=HOLD t=HOLD f=HOLD cf=HOLD  → HOLD no-tech  k=-0.02 RSI=53  BANC×0.90  sugar lamp feed 0.24  eq $100000.00
[2026-09-09 04:15] 1.37739  raw t=HOLD f=HOLD tech=HOLD  fused T=HOLD t=HOLD f=HOLD cf=HOLD  → HOLD no-tech  k=-0.11 RSI=48  BANC×0.90  sugar lamp feed 0.24  eq $100000.00
[2026-09-09 10:15] BUY USDCAD 1.89 lots @ 1.37860  margin $2605.55  comm $6.62  bias-up  raw tech=HOLD/hold t=BUY f=HOLD  fused T=HOLD t=BUY f=HOLD cf=HOLD@0.42 fam {} bias-up  conf 57%  bar 45%  cal P(win)=0.50  n=0  P(edge)=0.60  similar=0.50  TA=0.53  data-weight=0.00  1.89 lots  risk $235 (0.23% eq)  SL 17.1 pips  ~$234 if stopped  bayes P(edge)=0.60  p=0.42  R=2.38  ½K=0.039  scale=0.65  risk 0.65%  BANC×0.92  admit×0.60  tape×0.77  cost×0.86  vol×1.00  liq×0.90  chase×1.00  heat×1.00  (UP, k +0.35)  → OK|1094|PAPER
[2026-09-09 10:55] 1.37790  raw t=BUY  f=HOLD tech=HOLD  fused T=HOLD t=BUY  f=HOLD cf=HOLD  → HOLD no-tech  k=+0.38 RSI=49  BANC×0.96  sugar lamp feed 0.25  eq $99883.26
[2026-09-09 11:15] CLOSE BUY LOSS  1.89 lots  conf 57%  bar 45%  -8.2 pips  $-154.51  comm $13.23 slip $7.11 swap $0.00  snowball 0  (scalp scratch)
       → OK|1094
       adapt  bar 45%  cal P(win)=0.50  P(edge) floor 0.38  learn frozen
[2026-09-09 14:20] BUY USDCAD 1.52 lots @ 1.37946  margin $2096.77  comm $5.32  bias-up  raw tech=HOLD/hold t=BUY f=BUY  fused T=HOLD t=BUY f=BUY cf=HOLD@0.42 fam {} bias-up  conf 56%  bar 45%  cal P(win)=0.50  n=0  P(edge)=0.61  similar=0.50  TA=0.47  data-weight=0.00  1.52 lots  risk $210 (0.21% eq)  SL 18.9 pips  ~$209 if stopped  bayes P(edge)=0.60  p=0.42  R=2.38  ½K=0.041  scale=0.69  risk 0.69%  BANC×0.92  admit×0.60  tape×0.65  cost×0.94  vol×1.00  liq×1.00  chase×1.00  heat×0.70  (UP, k +0.36)  → OK|1095|PAPER
[2026-09-09 17:35] 1.38045  raw t=HOLD f=HOLD tech=HOLD  fused T=HOLD t=HOLD f=HOLD cf=HOLD  → HOLD no-tech  k=+0.44 RSI=53  BANC×0.87  sugar lamp feed 0.25  eq $99938.19
[2026-09-09 18:00] CLOSE BUY WIN  1.52 lots  conf 56%  bar 45%  +4.6 pips  $+69.24  comm $10.64 slip $5.58 swap $0.00  snowball 0  (session flatten)
       → OK|1095
       adapt  bar 45%  cal P(win)=0.50  P(edge) floor 0.38  learn frozen
[2026-09-10 00:15] 1.38047  raw t=HOLD f=HOLD tech=HOLD  fused T=HOLD t=HOLD f=HOLD cf=HOLD  → HOLD no-tech  k=+0.09 RSI=55  BANC×0.87  sugar lamp feed 0.25  eq $99914.74
[2026-09-10 06:55] 1.38068  raw t=HOLD f=HOLD tech=HOLD  fused T=HOLD t=HOLD f=HOLD cf=HOLD  → HOLD no-tech  k=+0.22 RSI=50  BANC×0.87  sugar lamp feed 0.25  eq $99914.74
[2026-09-10 10:55] BUY USDCAD 2.31 lots @ 1.38177  margin $3191.89  comm $8.09  bias-up  raw tech=HOLD/hold t=BUY f=HOLD  fused T=HOLD t=BUY f=HOLD cf=HOLD@0.42 fam {} bias-up  conf 57%  bar 45%  cal P(win)=0.50  n=0  P(edge)=0.60  similar=0.50  TA=0.51  data-weight=0.00  2.31 lots  risk $272 (0.27% eq)  SL 16.2 pips  ~$271 if stopped  bayes P(edge)=0.60  p=0.42  R=2.41  ½K=0.044  scale=0.73  risk 0.73%  BANC×0.97  admit×0.60  tape×0.76  cost×0.84  vol×1.00  liq×0.90  chase×1.00  heat×1.00  (UP, k +0.35)  → OK|1096|PAPER
[2026-09-10 11:55] CLOSE BUY LOSS  2.31 lots  conf 57%  bar 45%  -2.1 pips  $-47.66  comm $16.17 slip $8.43 swap $0.00  snowball 0  (scalp scratch)
       → OK|1096
       adapt  bar 45%  cal P(win)=0.50  P(edge) floor 0.38  learn frozen
[2026-09-10 12:00] BUY USDCAD 1.51 lots @ 1.38165  margin $2086.30  comm $5.29  bias-up  raw tech=HOLD/hold t=BUY f=HOLD  fused T=HOLD t=BUY f=HOLD cf=HOLD@0.42 fam {} bias-up  conf 62%  bar 45%  cal P(win)=0.50  n=0  P(edge)=0.62  similar=0.50  TA=0.72  data-weight=0.00  1.51 lots  risk $189 (0.19% eq)  SL 17.2 pips  ~$188 if stopped  bayes P(edge)=0.59  p=0.42  R=2.33  ½K=0.036  scale=0.60  risk 0.60%  BANC×0.96  admit×0.60  tape×0.64  cost×0.91  vol×1.00  liq×1.00  chase×1.00  heat×0.70  (UP, k +0.53)  → OK|1097|PAPER
[2026-09-10 13:35] 1.38254  raw t=BUY  f=SELL tech=BUY   fused T=BUY  t=BUY  f=SELL cf=BUY   → HOLD veto SELL (t=BUY f=SELL tech=BUY)  k=+0.56 RSI=54  BANC×0.87  sugar lamp feed 0.25  eq $99949.75
[2026-09-10 13:45] CLOSE BUY LOSS  1.51 lots  conf 62%  bar 45%  -2.8 pips  $-42.24  comm $10.57 slip $5.44 swap $0.00  snowball 0  (scalp scratch)
       → OK|1097
       adapt  bar 45%  cal P(win)=0.50  P(edge) floor 0.38  learn frozen
[2026-09-10 20:15] 1.38350  raw t=HOLD f=HOLD tech=HOLD  fused T=HOLD t=HOLD f=HOLD cf=HOLD  → HOLD no-tech  k=+0.57 RSI=60  BANC×0.84  sugar lamp feed 0.25  eq $99824.84
[2026-09-11 02:55] 1.38413  raw t=HOLD f=HOLD tech=HOLD  fused T=HOLD t=HOLD f=HOLD cf=HOLD  → HOLD no-tech  k=+0.52 RSI=60  BANC×0.84  sugar lamp feed 0.25  eq $99824.84
[2026-09-11 09:15] BUY USDCAD 1.11 lots @ 1.38468  margin $1536.99  comm $3.89  bias-up  raw tech=HOLD/hold t=BUY f=BUY  fused T=HOLD t=BUY f=BUY cf=HOLD@0.42 fam {} bias-up  conf 58%  bar 45%  cal P(win)=0.50  n=0  P(edge)=0.60  similar=0.50  TA=0.54  data-weight=0.00  1.11 lots  risk $130 (0.13% eq)  SL 16.1 pips  ~$129 if stopped  bayes P(edge)=0.60  p=0.42  R=2.38  ½K=0.043  scale=0.72  risk 0.72%  BANC×0.93  admit×0.60  tape×0.38  cost×0.84  vol×1.00  liq×0.90  chase×1.00  heat×0.50  (UP, k +0.37)  → OK|1098|PAPER
[2026-09-11 09:35] 1.38475  raw t=BUY  f=HOLD tech=HOLD  fused T=HOLD t=BUY  f=HOLD cf=HOLD  → HOLD no-tech  k=+0.44 RSI=60  BANC×0.97  sugar lamp feed 0.25  eq $99818.42
[2026-09-11 14:10] SNOWBALL BUY +0.56 lots @ 1.38640  total 1.67  #1  trend=BUY k=+0.49  +15.4 pips  float $123 covers add risk $70  → OK|1099|PAPER
[2026-09-11 14:35] CLOSE BUY WIN  1.67 lots  conf 58%  bar 45%  +14.1 pips  $+235.92  comm $11.69 slip $6.05 swap $0.00  snowball 1  (time stop)
       → OK|1098
       rails  snowball lock  rest of UTC day + 1% peak protect
       adapt  bar 45%  cal P(win)=0.50  P(edge) floor 0.38  learn frozen
[2026-09-11 14:40] skip BUY: snowball lock  wait next UTC day (kept pyramid 2026-09-11)
[2026-09-11 15:20] skip BUY: snowball lock  wait next UTC day (kept pyramid 2026-09-11)
[2026-09-11 16:15] 1.38643  raw t=HOLD f=HOLD tech=HOLD  fused T=HOLD t=HOLD f=HOLD cf=HOLD  → HOLD no-tech  k=+0.34 RSI=42  BANC×0.94  sugar lamp feed 0.25  eq $100060.76
[2026-09-14 00:50] 1.38677  raw t=HOLD f=HOLD tech=HOLD  fused T=HOLD t=HOLD f=HOLD cf=HOLD  → HOLD no-tech  k=+0.25 RSI=49  BANC×0.94  sugar lamp feed 0.25  eq $100060.76
[2026-09-14 07:05] BUY USDCAD 1.80 lots @ 1.38775  margin $2497.94  comm $6.30  bias-up  raw tech=HOLD/hold t=BUY f=HOLD  fused T=HOLD t=BUY f=HOLD cf=HOLD@0.42 fam {} bias-up  conf 57%  bar 45%  cal P(win)=0.50  n=0  P(edge)=0.58  similar=0.50  TA=0.55  data-weight=0.00  1.80 lots  risk $212 (0.45% eq)  SL 16.3 pips  ~$211 if stopped  bayes P(edge)=0.62  p=0.43  R=2.44  ½K=0.048  scale=0.82  risk 0.82%  BANC×0.96  tape×0.68  cost×0.90  vol×1.00  liq×0.75  chase×1.00  heat×1.00  (UP, k +0.35)  → OK|1100|PAPER
[2026-09-14 07:30] 1.38773  raw t=BUY  f=BUY  tech=HOLD  fused T=HOLD t=BUY  f=BUY  cf=HOLD  → HOLD no-tech  k=+0.35 RSI=55  BANC×0.97  sugar lamp feed 0.26  eq $100042.12
[2026-09-14 09:30] SNOWBALL BUY +0.95 lots @ 1.38954  total 2.75  #1  trend=BUY k=+0.71  +15.6 pips  float $202 covers add risk $123  → OK|1101|PAPER
[2026-09-14 10:00] SNOWBALL BUY +0.95 lots @ 1.38959  total 3.70  #2  trend=BUY k=+0.71  +16.1 pips  float $196 covers add risk $126  → OK|1102|PAPER
[2026-09-14 12:25] CLOSE BUY WIN  3.70 lots  conf 57%  bar 45%  +10.1 pips  $+372.06  comm $25.90 slip $13.48 swap $0.00  snowball 2  (time stop)
       → OK|1100
       rails  snowball lock  rest of UTC day + 1% peak protect
       adapt  bar 45%  cal P(win)=0.50  P(edge) floor 0.38  learn frozen
[2026-09-14 12:35] skip BUY: snowball lock  wait next UTC day (kept pyramid 2026-09-14)
[2026-09-14 13:15] skip BUY: snowball lock  wait next UTC day (kept pyramid 2026-09-14)
[2026-09-14 13:55] skip BUY: snowball lock  wait next UTC day (kept pyramid 2026-09-14)
[2026-09-14 14:10] 1.39185  raw t=BUY  f=SELL tech=HOLD  fused T=HOLD t=BUY  f=SELL cf=BUY   → HOLD no-tech  k=+0.72 RSI=56  BANC×0.94  sugar lamp feed 0.26  eq $100432.81
[2026-09-14 14:35] skip BUY: snowball lock  wait next UTC day (kept pyramid 2026-09-14)
[2026-09-14 15:15] skip BUY: snowball lock  wait next UTC day (kept pyramid 2026-09-14)
[2026-09-14 15:55] skip BUY: snowball lock  wait next UTC day (kept pyramid 2026-09-14)
[2026-09-14 20:50] 1.39003  raw t=HOLD f=HOLD tech=HOLD  fused T=HOLD t=HOLD f=HOLD cf=HOLD  → HOLD no-tech  k=+0.21 RSI=44  BANC×0.94  sugar lamp feed 0.25  eq $100432.81
[2026-09-15 03:30] 1.39113  raw t=HOLD f=HOLD tech=HOLD  fused T=HOLD t=HOLD f=HOLD cf=HOLD  → HOLD no-tech  k=+0.49 RSI=61  BANC×0.94  sugar lamp feed 0.25  eq $100432.81
[2026-09-15 10:10] 1.39030  raw t=HOLD f=HOLD tech=HOLD  fused T=HOLD t=HOLD f=HOLD cf=HOLD  → HOLD no-tech  k=+0.21 RSI=48  BANC×0.94  sugar lamp feed 0.25  eq $100432.81
[2026-09-15 10:50] BUY USDCAD 3.04 lots @ 1.39141  margin $4229.88  comm $10.64  bias-up  raw tech=HOLD/hold t=BUY f=SELL  fused T=HOLD t=BUY f=SELL cf=HOLD@0.42 fam {} bias-up  conf 55%  bar 45%  cal P(win)=0.50  n=0  P(edge)=0.60  similar=0.50  TA=0.41  data-weight=0.00  3.04 lots  risk $335 (0.48% eq)  SL 15.3 pips  ~$334 if stopped  bayes P(edge)=0.61  p=0.43  R=2.34  ½K=0.047  scale=0.79  risk 0.79%  BANC×0.97  tape×0.74  cost×0.82  vol×1.00  liq×0.90  chase×1.00  heat×1.00  (UP, k +0.39)  → OK|1103|PAPER
[2026-09-15 12:30] CLOSE BUY LOSS  3.04 lots  conf 55%  bar 45%  -1.5 pips  $-46.09  comm $21.28 slip $10.81 swap $0.00  snowball 0  (scalp scratch)
       → OK|1103
       adapt  bar 45%  cal P(win)=0.50  P(edge) floor 0.38  learn frozen
[2026-09-15 12:35] BUY USDCAD 2.71 lots @ 1.39236  margin $3773.28  comm $9.48  bias-up  raw tech=BUY/bounce t=BUY f=SELL  fused T=BUY t=BUY f=SELL cf=BUY@0.32 fam {} bias-up  conf 60%  bar 45%  cal P(win)=0.50  n=0  P(edge)=0.61  similar=0.50  TA=0.67  data-weight=0.00  2.71 lots  risk $335 (0.34% eq)  SL 17.2 pips  ~$334 if stopped  bayes P(edge)=0.60  p=0.42  R=2.32  ½K=0.040  scale=0.67  risk 0.67%  BANC×0.93  tape×0.64  cost×0.91  vol×1.00  liq×1.00  chase×1.00  heat×0.70  (UP, k +0.67)  → OK|1104|PAPER
[2026-09-15 13:35] CLOSE BUY LOSS  2.71 lots  conf 60%  bar 45%  -3.3 pips  $-89.29  comm $18.97 slip $9.98 swap $0.00  snowball 0  (scalp scratch)
       → OK|1104
       adapt  bar 45%  cal P(win)=0.50  P(edge) floor 0.38  learn frozen
[2026-09-15 16:50] 1.39116  raw t=HOLD f=HOLD tech=HOLD  fused T=HOLD t=HOLD f=HOLD cf=HOLD  → HOLD no-tech  k=+0.09 RSI=41  BANC×0.83  sugar lamp feed 0.25  eq $100297.43
[2026-09-15 23:30] 1.39190  raw t=HOLD f=HOLD tech=HOLD  fused T=HOLD t=HOLD f=HOLD cf=HOLD  → HOLD no-tech  k=+0.30 RSI=49  BANC×0.83  sugar lamp feed 0.25  eq $100297.43
[2026-09-16 06:10] 1.39253  raw t=HOLD f=HOLD tech=HOLD  fused T=HOLD t=HOLD f=HOLD cf=HOLD  → HOLD no-tech  k=-0.03 RSI=45  BANC×0.83  sugar lamp feed 0.25  eq $100297.43
[2026-09-16 07:40] BUY USDCAD 1.80 lots @ 1.39368  margin $2508.63  comm $6.30  bias-up  raw tech=HOLD/hold t=BUY f=BUY  fused T=HOLD t=BUY f=BUY cf=HOLD@0.42 fam {} bias-up  conf 57%  bar 45%  cal P(win)=0.50  n=0  P(edge)=0.61  similar=0.50  TA=0.52  data-weight=0.00  1.80 lots  risk $210 (0.21% eq)  SL 16.2 pips  ~$210 if stopped  bayes P(edge)=0.61  p=0.42  R=2.45  ½K=0.045  scale=0.75  risk 0.75%  BANC×0.97  tape×0.34  cost×0.90  vol×1.00  liq×0.75  chase×1.00  heat×0.50  (UP, k +0.36)  → OK|1105|PAPER
[2026-09-16 08:40] CLOSE BUY LOSS  1.80 lots  conf 57%  bar 45%  -6.4 pips  $-114.65  comm $12.60 slip $6.44 swap $0.00  snowball 0  (scalp scratch)
       → OK|1105
       rails  circuit  3 losses → pause 12 bars
       adapt  bar 45%  cal P(win)=0.50  P(edge) floor 0.38  learn frozen
[2026-09-16 08:45] skip BUY: circuit pause 11 bars
[2026-09-16 12:05] BUY USDCAD 1.10 lots @ 1.39404  margin $1533.44  comm $3.85  bias-up  raw tech=HOLD/hold t=BUY f=SELL  fused T=HOLD t=BUY f=SELL cf=HOLD@0.42 fam {} bias-up  conf 56%  bar 45%  cal P(win)=0.50  n=0  P(edge)=0.61  similar=0.50  TA=0.47  data-weight=0.00  1.10 lots  risk $131 (0.13% eq)  SL 16.6 pips  ~$131 if stopped  bayes P(edge)=0.58  p=0.42  R=2.39  ½K=0.033  scale=0.54  risk 0.54%  BANC×0.90  tape×0.32  cost×0.90  vol×1.00  liq×1.00  chase×1.00  heat×0.35  (UP, k +0.36)  → OK|1106|PAPER
[2026-09-16 12:50] 1.39390  raw t=BUY  f=HOLD tech=HOLD  fused T=HOLD t=BUY  f=HOLD cf=BUY   → HOLD no-tech  k=+0.53 RSI=57  BANC×0.89  sugar lamp feed 0.25  eq $100161.94
[2026-09-16 13:05] CLOSE BUY LOSS  1.10 lots  conf 56%  bar 45%  -0.7 pips  $-7.65  comm $7.70 slip $3.90 swap $0.00  snowball 0  (scalp scratch)
       → OK|1106
       rails  circuit  4 losses → pause 12 bars
       adapt  bar 45%  cal P(win)=0.50  P(edge) floor 0.38  learn frozen
[2026-09-16 19:30] 1.39876  raw t=HOLD f=HOLD tech=HOLD  fused T=HOLD t=HOLD f=HOLD cf=HOLD  → HOLD no-tech  k=+0.74 RSI=66  BANC×0.83  sugar lamp feed 0.25  eq $100175.12
[2026-09-17 02:10] 1.39929  raw t=HOLD f=HOLD tech=HOLD  fused T=HOLD t=HOLD f=HOLD cf=HOLD  → HOLD no-tech  k=+0.52 RSI=54  BANC×0.83  sugar lamp feed 0.25  eq $100175.12
[2026-09-17 08:50] 1.39906  raw t=HOLD f=HOLD tech=HOLD  fused T=HOLD t=HOLD f=HOLD cf=HOLD  → HOLD no-tech  k=+0.17 RSI=57  BANC×0.83  sugar lamp feed 0.25  eq $100175.12
[2026-09-17 10:50] BUY USDCAD 1.26 lots @ 1.39952  margin $1763.39  comm $4.41  bias-up  raw tech=HOLD/hold t=BUY f=BUY  fused T=HOLD t=BUY f=BUY cf=HOLD@0.42 fam {} bias-up  conf 57%  bar 45%  cal P(win)=0.50  n=0  P(edge)=0.60  similar=0.50  TA=0.51  data-weight=0.00  1.26 lots  risk $148 (0.15% eq)  SL 16.4 pips  ~$147 if stopped  bayes P(edge)=0.60  p=0.42  R=2.41  ½K=0.043  scale=0.72  risk 0.72%  BANC×0.91  tape×0.27  cost×0.84  vol×1.00  liq×0.90  chase×1.00  heat×0.35  (UP, k +0.36)  → OK|1107|PAPER
[2026-09-17 11:50] CLOSE BUY LOSS  1.26 lots  conf 57%  bar 45%  -1.0 pips  $-13.14  comm $8.82 slip $4.51 swap $0.00  snowball 0  (scalp scratch)
       → OK|1107
       rails  circuit  5 losses → pause 12 bars
       adapt  bar 45%  cal P(win)=0.50  P(edge) floor 0.38  learn frozen
[2026-09-17 11:55] skip BUY: circuit pause 11 bars
[2026-09-17 15:30] 1.39926  raw t=HOLD f=HOLD tech=HOLD  fused T=HOLD t=HOLD f=HOLD cf=HOLD  → HOLD no-tech  k=-0.12 RSI=66  BANC×0.92  sugar lamp feed 0.25  eq $100161.98
[2026-09-17 22:10] 1.39903  raw t=HOLD f=HOLD tech=HOLD  fused T=HOLD t=HOLD f=HOLD cf=HOLD  → HOLD no-tech  k=+0.30 RSI=51  BANC×0.92  sugar lamp feed 0.25  eq $100161.98
[2026-09-18 04:50] 1.39806  raw t=HOLD f=HOLD tech=HOLD  fused T=HOLD t=HOLD f=HOLD cf=HOLD  → HOLD no-tech  k=-0.41 RSI=49  BANC×0.92  sugar lamp feed 0.25  eq $100161.98
[2026-09-18 07:00] BUY USDCAD 1.51 lots @ 1.39963  margin $2113.44  comm $5.29  bias-up  raw tech=HOLD/hold t=BUY f=HOLD  fused T=HOLD t=BUY f=HOLD cf=HOLD@0.42 fam {} bias-up  conf 59%  bar 45%  cal P(win)=0.50  n=0  P(edge)=0.59  similar=0.50  TA=0.62  data-weight=0.00  1.51 lots  risk $164 (0.16% eq)  SL 15.2 pips  ~$163 if stopped  bayes P(edge)=0.61  p=0.42  R=2.35  ½K=0.047  scale=0.79  risk 0.79%  BANC×0.98  tape×0.25  cost×0.88  vol×1.00  liq×0.75  chase×1.00  heat×0.35  (UP, k +0.51)  → OK|1108|PAPER
[2026-09-18 08:00] CLOSE BUY LOSS  1.51 lots  conf 59%  bar 45%  -1.1 pips  $-17.12  comm $10.57 slip $5.47 swap $0.00  snowball 0  (scalp scratch)
       → OK|1108
       rails  circuit  6 losses → pause 12 bars
       adapt  bar 45%  cal P(win)=0.50  P(edge) floor 0.38  learn frozen
[2026-09-18 08:05] skip BUY: circuit pause 11 bars
[2026-09-18 08:45] skip BUY: circuit pause 3 bars
[2026-09-18 09:25] BUY USDCAD 1.08 lots @ 1.40003  margin $1512.03  comm $3.78  bias-up  raw tech=HOLD/hold t=BUY f=SELL  fused T=HOLD t=BUY f=SELL cf=BUY@0.40 fam {} bias-up  conf 60%  bar 45%  cal P(win)=0.50  n=0  P(edge)=0.59  similar=0.50  TA=0.65  data-weight=0.00  1.08 lots  risk $123 (0.12% eq)  SL 16.0 pips  ~$123 if stopped  bayes P(edge)=0.62  p=0.42  R=2.36  ½K=0.043  scale=0.72  risk 0.72%  BANC×0.90  rec×0.85  tape×0.26  cost×0.84  vol×1.00  liq×0.90  chase×1.00  heat×0.35  (UP, k +0.51)  → OK|1109|PAPER
[2026-09-18 10:25] CLOSE BUY LOSS  1.08 lots  conf 60%  bar 45%  -1.9 pips  $-20.50  comm $7.56 slip $3.84 swap $0.00  snowball 0  (scalp scratch)
       → OK|1109
       rails  circuit  7 losses → pause 12 bars
       adapt  bar 45%  cal P(win)=0.50  P(edge) floor 0.38  learn frozen
[2026-09-18 11:30] 1.40078  raw t=BUY  f=SELL tech=HOLD  fused T=HOLD t=BUY  f=SELL cf=BUY   → HOLD no-tech  k=+0.47 RSI=67  BANC×0.85  sugar lamp feed 0.26  eq $100124.36
[2026-09-18 18:10] 1.39920  raw t=HOLD f=HOLD tech=HOLD  fused T=HOLD t=HOLD f=HOLD cf=HOLD  → HOLD no-tech  k=-0.33 RSI=30  BANC×0.84  sugar lamp feed 0.26  eq $100124.36
[2026-09-21 02:40] 1.40000  raw t=HOLD f=HOLD tech=HOLD  fused T=HOLD t=HOLD f=HOLD cf=HOLD  → HOLD no-tech  k=+0.53 RSI=61  BANC×0.84  sugar lamp feed 0.26  eq $100124.36
[2026-09-21 07:00] BUY USDCAD 1.39 lots @ 1.40202  margin $1948.81  comm $4.87  bias-up  raw tech=HOLD/hold t=BUY f=SELL  fused T=HOLD t=BUY f=SELL cf=BUY@0.40 fam {} bias-up  conf 60%  bar 45%  cal P(win)=0.50  n=0  P(edge)=0.60  similar=0.50  TA=0.65  data-weight=0.00  1.39 lots  risk $148 (0.15% eq)  SL 14.9 pips  ~$147 if stopped  bayes P(edge)=0.61  p=0.42  R=2.38  ½K=0.045  scale=0.75  risk 0.75%  BANC×0.93  tape×0.25  cost×0.88  vol×1.00  liq×0.75  chase×1.00  heat×0.35  (UP, k +0.72)  → OK|1110|PAPER
[2026-09-21 08:00] CLOSE BUY LOSS  1.39 lots  conf 60%  bar 45%  -5.8 pips  $-81.11  comm $9.73 slip $4.92 swap $0.00  snowball 0  (scalp scratch)
       → OK|1110
       rails  circuit  8 losses → pause 12 bars
       adapt  bar 45%  cal P(win)=0.50  P(edge) floor 0.38  learn frozen
[2026-09-21 08:05] skip BUY: circuit pause 11 bars
[2026-09-21 08:45] skip BUY: circuit pause 3 bars
[2026-09-21 09:20] 1.40153  raw t=BUY  f=SELL tech=HOLD  fused T=HOLD t=BUY  f=SELL cf=HOLD  → HOLD no-tech  k=+0.39 RSI=56  BANC×0.94  sugar lamp feed 0.25  eq $100043.25
[2026-09-21 09:25] BUY USDCAD 1.25 lots @ 1.40187  margin $1752.34  comm $4.38  bias-up  raw tech=HOLD/hold t=BUY f=SELL  fused T=HOLD t=BUY f=SELL cf=BUY@0.40 fam {} bias-up  conf 57%  bar 45%  cal P(win)=0.50  n=0  P(edge)=0.61  similar=0.50  TA=0.50  data-weight=0.00  1.25 lots  risk $136 (0.14% eq)  SL 15.3 pips  ~$136 if stopped  bayes P(edge)=0.61  p=0.42  R=2.39  ½K=0.040  scale=0.66  risk 0.66%  BANC×0.94  tape×0.26  cost×0.82  vol×1.00  liq×0.90  chase×1.00  heat×0.35  (UP, k +0.39)  → OK|1111|PAPER
[2026-09-21 10:25] CLOSE BUY LOSS  1.25 lots  conf 57%  bar 45%  -1.2 pips  $-14.77  comm $8.75 slip $4.41 swap $0.00  snowball 0  (scalp scratch)
       → OK|1111
       rails  circuit  9 losses → pause 12 bars
       adapt  bar 45%  cal P(win)=0.50  P(edge) floor 0.38  learn frozen
[2026-09-21 16:00] 1.40226  raw t=HOLD f=HOLD tech=HOLD  fused T=HOLD t=HOLD f=HOLD cf=HOLD  → HOLD no-tech  k=+0.56 RSI=60  BANC×0.84  sugar lamp feed 0.26  eq $100028.49
[2026-09-21 22:40] 1.40280  raw t=HOLD f=HOLD tech=HOLD  fused T=HOLD t=HOLD f=HOLD cf=HOLD  → HOLD no-tech  k=+0.13 RSI=44  BANC×0.84  sugar lamp feed 0.26  eq $100028.49
[2026-09-22 05:20] 1.40257  raw t=HOLD f=HOLD tech=HOLD  fused T=HOLD t=HOLD f=HOLD cf=HOLD  → HOLD no-tech  k=-0.36 RSI=48  BANC×0.84  sugar lamp feed 0.26  eq $100028.49
[2026-09-22 08:35] BUY USDCAD 1.33 lots @ 1.40441  margin $1867.86  comm $4.66  bias-up  raw tech=HOLD/hold t=BUY f=BUY  fused T=HOLD t=BUY f=BUY cf=HOLD@0.42 fam {} bias-up  conf 56%  bar 45%  cal P(win)=0.50  n=0  P(edge)=0.59  similar=0.50  TA=0.49  data-weight=0.00  1.33 lots  risk $169 (0.17% eq)  SL 17.8 pips  ~$169 if stopped  bayes P(edge)=0.61  p=0.42  R=2.39  ½K=0.045  scale=0.75  risk 0.75%  BANC×0.91  tape×0.29  cost×0.92  vol×1.00  liq×0.90  chase×1.00  heat×0.35  (UP, k +0.36)  → OK|1112|PAPER
[2026-09-22 09:35] CLOSE BUY LOSS  1.33 lots  conf 56%  bar 45%  -9.4 pips  $-125.48  comm $9.31 slip $4.90 swap $0.00  snowball 0  (scalp scratch)
       → OK|1112
       rails  circuit  10 losses → pause 12 bars
       adapt  bar 45%  cal P(win)=0.50  P(edge) floor 0.38  learn frozen
[2026-09-22 09:40] skip BUY: circuit pause 11 bars
[2026-09-22 12:00] 1.40409  raw t=HOLD f=HOLD tech=HOLD  fused T=HOLD t=HOLD f=HOLD cf=HOLD  → HOLD no-tech  k=+0.24 RSI=61  BANC×0.91  sugar lamp feed 0.25  eq $99903.00
[2026-09-22 12:25] BUY USDCAD 0.84 lots @ 1.40427  margin $1179.58  comm $2.94  bias-up  raw tech=HOLD/hold t=BUY f=BUY  fused T=HOLD t=BUY f=BUY cf=HOLD@0.42 fam {} bias-up  conf 57%  bar 45%  cal P(win)=0.50  n=0  P(edge)=0.59  similar=0.50  TA=0.55  data-weight=0.00  0.84 lots  risk $97 (0.10% eq)  SL 16.1 pips  ~$96 if stopped  bayes P(edge)=0.60  p=0.42  R=2.34  ½K=0.039  scale=0.65  risk 0.65%  BANC×0.93  admit×0.60  tape×0.31  cost×0.90  vol×1.00  liq×1.00  chase×1.00  heat×0.35  (UP, k +0.36)  → OK|1113|PAPER
[2026-09-22 13:45] CLOSE BUY LOSS  0.84 lots  conf 58%  bar 45%  -1.2 pips  $-10.06  comm $5.88 slip $2.98 swap $0.00  snowball 0  (scalp scratch)
       → OK|1113
       rails  circuit  11 losses → pause 12 bars
       adapt  bar 45%  cal P(win)=0.50  P(edge) floor 0.38  learn frozen
[2026-09-22 18:40] 1.40662  raw t=HOLD f=HOLD tech=HOLD  fused T=HOLD t=HOLD f=HOLD cf=HOLD  → HOLD no-tech  k=+0.46 RSI=42  BANC×0.83  sugar lamp feed 0.26  eq $99892.95
[2026-09-23 01:20] 1.40730  raw t=HOLD f=HOLD tech=HOLD  fused T=HOLD t=HOLD f=HOLD cf=HOLD  → HOLD no-tech  k=+0.42 RSI=67  BANC×0.83  sugar lamp feed 0.26  eq $99892.95
adapt  saved C:\Workspace\FlyFOREXTrader\reports\adapt_payoff_USDCAD.json  bar 45%  skips 0  SL 2.40  TP 12.0  impulse>=0.50  RSI 52/48

──────── trade report (costs included) ────────
  # side   lots  conf    entry     exit    pips        USD  reason
  1 BUY    1.89    57  1.37860  1.37757    -8.2    -154.51  scalp scratch
  2 BUY    1.52    56  1.37946  1.38018    +4.6     +69.24  session flatten
  3 BUY    2.31    57  1.38177  1.38158    -2.1     -47.66  scalp scratch
  4 BUY    1.51    62  1.38165  1.38136    -2.8     -42.24  scalp scratch
  5 BUY    1.67    58  1.38526  1.38731   +14.1    +235.92  time stop
  6 BUY    3.70    57  1.38868  1.39017   +10.1    +372.06  time stop
  7 BUY    3.04    55  1.39141  1.39130    -1.5     -46.09  scalp scratch
  8 BUY    2.71    60  1.39236  1.39199    -3.3     -89.29  scalp scratch
  9 BUY    1.80    57  1.39368  1.39289    -6.4    -114.65  scalp scratch
 10 BUY    1.10    56  1.39404  1.39404    -0.7      -7.65  scalp scratch
 11 BUY    1.26    57  1.39952  1.39947    -1.0     -13.14  scalp scratch
 12 BUY    1.51    59  1.39963  1.39957    -1.1     -17.12  scalp scratch
 13 BUY    1.08    60  1.40003  1.39986    -1.9     -20.50  scalp scratch
 14 BUY    1.39    60  1.40202  1.40131    -5.8     -81.11  scalp scratch
 15 BUY    1.25    57  1.40187  1.40180    -1.2     -14.77  scalp scratch
 16 BUY    1.33    56  1.40441  1.40318    -9.4    -125.48  scalp scratch
 17 BUY    0.84    58  1.40427  1.40420    -1.2     -10.06  scalp scratch
──────────────────────────────────────────────
17 trades  3W/14L  win rate 18%  net -17.8 pips  net $-107.05
costs  spread≈$386.24  commission=$209.37  slippage=$108.25  swap=$0.00
account  start $100,000.00  balance $99,892.95  equity $99,892.95  margin $0.00  free $99,892.95  level n/a
leverage 1:100  rejected 0  stop-outs 0  avg 1.76 lots  return -0.107%
confidence  high>=60 0/3 (0%)  low<60 3/14 (21%)  (should separate as n grows)
plausibility  bar 45% -> 45%  mean cal P(win) 0.50
tax  model=no tax due on a net loss; the loss may carry forward depending on local rules  estimated due $0.00  after-tax $-107.05  effective 0.0%
      estimate only - not tax advice; set --tax-rate / --tax-model for your jurisdiction
saved C:\Workspace\FlyFOREXTrader\reports\trades-USDCAD-20260923-001608.csv
